dataset,method,repeat,n,auc,f1,brier,ece,log_loss,calibration_intercept,calibration_slope
nhanes_ckd,BRL,0,1876,0.5217418335552012,0.4905284147557328,0.23221940118395276,0.0035868308963239058,0.6569358283101163,-0.12135818832364362,0.79021165376614
nhanes_ckd,BRL,1,1876,0.5318465747012098,0.47651386530843237,0.2314535764683837,0.003961499384254909,0.6554993660592073,0.007828514530760729,1.0335552431456567
nhanes_ckd,BRL,2,1876,0.5273598453263896,0.522202486678508,0.23294481746950202,0.011821992289230723,0.658732734652139,-0.2482845586713511,0.5263528351659682
nhanes_ckd,BRL,3,1876,0.5135741697021118,0.4824016563146998,0.23398475012465506,0.02028024272352677,0.6607990380923118,-0.41622542236097376,0.22264341599079746
nhanes_ckd,BRL,4,1876,0.47624063156765506,0.45464982778415614,0.23400373942922287,0.010865686728499966,0.6609240734052895,-0.7842275774268935,-0.47950583147339076
nhanes_ckd,BRL,5,1876,0.5374517864021806,0.5169172932330827,0.2320915351633312,0.005919841634356679,0.6567957057952115,-0.13986400138590027,0.7419745587266795
nhanes_ckd,BRL,6,1876,0.5185747304670929,0.491353001017294,0.23482083089284378,0.03543994372015373,0.6625490798133358,-0.39390269267979106,0.2685901088424278
nhanes_ckd,BRL,7,1876,0.556429414317549,0.48703494926719276,0.2310197385547444,0.009262348321722062,0.6545007286933339,0.04482937591445428,1.092725825346183
nhanes_ckd,BRL,8,1876,0.5346321137914052,0.48366013071895425,0.23365088296159064,0.032126420354997215,0.6603722076207588,-0.3076055653583451,0.4216198438844489
nhanes_ckd,BRL,9,1876,0.5309182648468624,0.5210229735587343,0.2324711421552495,0.008206390705721062,0.6575961515751919,-0.16203087497903249,0.7078008358530852
nhanes_ckd,EBM,0,1876,0.7130541211349882,0.5712319339298004,0.2015289658218061,0.013654664207325933,0.5892496096856263,-0.0473534356331751,0.9819311563716429
nhanes_ckd,EBM,1,1876,0.7265819667734559,0.5785714285714286,0.19760192453593242,0.03468505496904357,0.5807010138267213,-0.04999625333539333,0.9556834032351476
nhanes_ckd,EBM,2,1876,0.7296600788971948,0.5810356422326832,0.19658534795465882,0.018525408357016545,0.5787419120869287,0.04024488725331648,1.0843174472459094
nhanes_ckd,EBM,3,1876,0.7247948331602276,0.584070796460177,0.19723388900846245,0.018205137011488282,0.5797664513731012,0.02751654223912069,1.0365773319452793
nhanes_ckd,EBM,4,1876,0.7188763245025039,0.5618153364632238,0.19883176349926313,0.040253252883423206,0.5849781529605594,-0.014059099267382365,0.9958739957480214
nhanes_ckd,EBM,5,1876,0.7239646571775479,0.5862295081967213,0.19796386798625476,0.03241299297724647,0.5818373448176143,0.08247954210808198,1.1899945471794924
nhanes_ckd,EBM,6,1876,0.7289359606391745,0.5904761904761905,0.19672058171522047,0.01706922754976934,0.5788638922501457,-0.030754217583825377,0.9725132358529572
nhanes_ckd,EBM,7,1876,0.7245242031041998,0.583732057416268,0.19737728815286865,0.032461076704067324,0.5801691639297829,-0.06198784704727182,0.9476974477229738
nhanes_ckd,EBM,8,1876,0.7215155770759276,0.56,0.198094657314526,0.015808411458464032,0.582151331584979,0.0008349037766921055,0.9432572889955614
nhanes_ckd,EBM,9,1876,0.7116802469316403,0.5992779783393501,0.20299280361982278,0.050049682309840776,0.5938775363856578,-0.04013080616775427,0.9101335588191645
nhanes_ckd,EBRO-MH,0,1876,0.6536508238369003,0.52,0.2182121219014806,0.027098409871207593,0.6268556871747558,-0.0716341529013707,0.8793381210677153
nhanes_ckd,EBRO-MH,1,1876,0.6458037712664024,0.5384126984126985,0.21889239956841172,0.02011506134056035,0.6282758516607886,-0.09692396083739216,0.8593202315096489
nhanes_ckd,EBRO-MH,2,1876,0.6732757695889837,0.5063480209111277,0.21260984945014427,0.013419269190289098,0.6147189197586115,0.05307084238879744,1.0637883266584416
nhanes_ckd,EBRO-MH,3,1876,0.6412432891060431,0.5274447949526814,0.21824352016251647,0.02750893171638095,0.6271316119427315,-0.03207355401112607,0.9798066452457748
nhanes_ckd,EBRO-MH,4,1876,0.6692547189592202,0.5260482846251588,0.21274975441544194,0.01866201447508501,0.6155630712542043,0.026900980385864505,1.0428920146880671
nhanes_ckd,EBRO-MH,5,1876,0.6525908561174583,0.5491564863292612,0.2182349960014331,0.020164729941891724,0.6270007987280465,0.19997060337816808,1.3756122527214476
nhanes_ckd,EBRO-MH,6,1876,0.664920371372704,0.5194174757281553,0.2144821170028477,0.015409273148928116,0.6181039242504981,-0.07535181679231155,0.896230713220075
nhanes_ckd,EBRO-MH,7,1876,0.680256074547609,0.5351386202450032,0.21122557301606174,0.020705598423088334,0.6122452585070696,-0.05890547477188407,0.9151435948255852
nhanes_ckd,EBRO-MH,8,1876,0.6570038327067393,0.5263827082008901,0.215355548861843,0.01853617168435712,0.6210919291447485,0.05807393771584676,1.1500375803213891
nhanes_ckd,EBRO-MH,9,1876,0.6478798207502547,0.5007363770250368,0.21783526621868823,0.01434029146625912,0.6268044889225793,-0.03749944185318657,0.8977276400511286
nhanes_ckd,LR,0,1876,0.7169282757208267,0.5754716981132075,0.20013156059077258,0.029184988246377396,0.5869930968891097,-0.008504473691727778,1.0393459876672468
nhanes_ckd,LR,1,1876,0.7231417955207069,0.5675492192803802,0.19802418734638474,0.01739295208905341,0.5815367929580051,0.00372358515393829,1.0485193478222443
nhanes_ckd,LR,2,1876,0.7259529347513373,0.578005115089514,0.19751666317703923,0.022859431883057953,0.581945965764935,0.02993036848018592,1.0423139305906433
nhanes_ckd,LR,3,1876,0.7176499558702341,0.5812417437252312,0.19975957840861314,0.02254040670007311,0.5867539446560263,0.031525821443736855,1.0312383595050774
nhanes_ckd,LR,4,1876,0.7191445164499188,0.5474509803921569,0.19915206682769943,0.04209687638593122,0.5857879647589361,-0.034452178986485706,0.951639486631873
nhanes_ckd,LR,5,1876,0.7216886827874408,0.5929778933680104,0.19814916734707907,0.036167243592004614,0.5820288471750387,0.056177979237487824,1.1309731703514978
nhanes_ckd,LR,6,1876,0.7227553553055681,0.5811417575368826,0.19797292827095617,0.026931879769360203,0.582364596010855,-0.03445807407124021,0.9972743476569945
nhanes_ckd,LR,7,1876,0.7214022050254294,0.5938697318007663,0.19819397464541105,0.02805876638315964,0.5827194828304286,-0.0910581431384186,0.8918132501743534
nhanes_ckd,LR,8,1876,0.7244656884974913,0.5504169825625473,0.19696609596962655,0.029739898180831673,0.5804752908503474,-0.01795419599481528,0.9459586141286315
nhanes_ckd,LR,9,1876,0.7143767950574663,0.573049645390071,0.20213571682179401,0.02472839662509806,0.5934871458594254,-0.04536178090416077,0.8957692054920887
nhanes_ckd,Random Forest,0,1876,0.7080864748362811,0.5756410256410256,0.20456990031034192,0.028511774559807662,0.5962594654116605,-0.028000610470123956,1.0274576247723042
nhanes_ckd,Random Forest,1,1876,0.7144109285780463,0.5789849892780558,0.20180228675158024,0.02795598400460063,0.5902467439729293,0.004909639120763228,1.0418096250386628
nhanes_ckd,Random Forest,2,1876,0.716736884194717,0.5829707893101305,0.20146737233142734,0.03562186231380139,0.5900684986706147,0.0643047984572606,1.139135119679093
nhanes_ckd,Random Forest,3,1876,0.7088349741804298,0.5904010519395135,0.20378535431890846,0.03404469006364365,0.5955339443362896,0.0387620600727931,1.0309785517553842
nhanes_ckd,Random Forest,4,1876,0.7115498081208521,0.5797909407665506,0.2023066302540831,0.024124197413742613,0.591568504596633,0.002613455867757835,1.0202065095095545
nhanes_ckd,Random Forest,5,1876,0.7101527718856819,0.5806869734283863,0.20245313703487589,0.0338739819408643,0.5913855314534143,0.06777544599795236,1.1469933200850533
nhanes_ckd,Random Forest,6,1876,0.7185666847086705,0.5850991114149009,0.20006142748222358,0.029327808313553208,0.5870231329959257,-0.03182408980007704,0.9670944117224428
nhanes_ckd,Random Forest,7,1876,0.7096956265207703,0.572987721691678,0.2027513250454899,0.02507309467495773,0.5930473582500058,-0.07217277867372232,0.909670356083263
nhanes_ckd,Random Forest,8,1876,0.7159798514704233,0.5710491367861886,0.2005570822313478,0.024302804523644528,0.5870526235005283,0.01023943838557422,0.9753900078299828
nhanes_ckd,Random Forest,9,1876,0.707385518610083,0.5754783841247342,0.2043966603456838,0.035874895964996434,0.5962539654601029,-0.03382409120725622,0.9389574979708415
nhanes_ckd,RuleFit,0,1876,0.7012646469374918,0.570694087403599,0.2059807176046213,0.014438035277221626,0.5996180367371977,-0.07256444351007366,0.9279541822242677
nhanes_ckd,RuleFit,1,1876,0.7121544590568422,0.5637010676156584,0.20254143332197136,0.017554728365832224,0.5914011332723709,-0.04112489828131712,0.9819415833805623
nhanes_ckd,RuleFit,2,1876,0.7124049747168137,0.5826575171553338,0.20201795395002708,0.027889049583917323,0.5906195263357655,0.054238502896869475,1.0921332077485844
nhanes_ckd,RuleFit,3,1876,0.7112273682568011,0.5674547983310153,0.20273558122029214,0.019875514369827967,0.5921785196870687,0.01133174004198632,0.9914778845425655
nhanes_ckd,RuleFit,4,1876,0.7180619962258079,0.5656414103525882,0.20036710946273864,0.016472185075784417,0.5875045737332333,-0.022689299011049165,0.9709844050701822
nhanes_ckd,RuleFit,5,1876,0.7147754258156693,0.5588447653429602,0.20085827482765337,0.028747742228503327,0.5880571700662116,0.09803823596608151,1.1635430923680696
nhanes_ckd,RuleFit,6,1876,0.7231509384280052,0.5764075067024129,0.19885127213637865,0.020887699017543216,0.5833297768215452,-0.06350234206262814,0.9577709271244643
nhanes_ckd,RuleFit,7,1876,0.7105105643246196,0.5794392523364486,0.20140319943347573,0.0247074547639842,0.5892341727982854,-0.06840809082175309,0.9387369629561781
nhanes_ckd,RuleFit,8,1876,0.7182344924101679,0.546242774566474,0.20075256196888744,0.023697705275645128,0.5879207810142988,0.0108986348920575,1.0028346944364284
nhanes_ckd,RuleFit,9,1876,0.7072032699912715,0.5433614735226401,0.2046203504088653,0.024436833636452316,0.5959196005779317,0.011414477851579126,0.9811730084849096
nhanes_ckd,XGBoost,0,1876,0.6873223228348376,0.5669781931464174,0.20862245638203664,0.030988633483888597,0.6049432982470752,0.015268825016925792,1.0990225270591751
nhanes_ckd,XGBoost,1,1876,0.6924362556503167,0.5382963493199714,0.20663249467518702,0.025544183422215486,0.6012227644043171,-0.03208730367452697,0.9763649725992988
nhanes_ckd,XGBoost,2,1876,0.6899554801367291,0.5414667580534612,0.2081685423863402,0.016074633869492008,0.6043411898097218,0.020096763595611557,1.0320192116020226
nhanes_ckd,XGBoost,3,1876,0.700284527275121,0.5327102803738317,0.20564619759079214,0.027679766695830554,0.5983957560893611,0.03845652824859845,1.0067538276172734
nhanes_ckd,XGBoost,4,1876,0.6858180098207015,0.5583277140930546,0.20912665832373978,0.019427798381590953,0.6075703534570058,-0.03307364369848877,0.9478778901496044
nhanes_ckd,XGBoost,5,1876,0.6896775357548627,0.504227517294389,0.20803764610501774,0.01563963931185916,0.6032821298731964,0.05176458174014334,1.126654810359402
nhanes_ckd,XGBoost,6,1876,0.6995445613111173,0.5432624113475177,0.20576672103419766,0.023245182618977477,0.5995319609336027,-0.05399818691476832,0.931402048459636
nhanes_ckd,XGBoost,7,1876,0.6927410192269245,0.5568942436412316,0.20716545302228806,0.019566489015211377,0.6018919105886016,-0.05401997788603368,0.9215166852994655
nhanes_ckd,XGBoost,8,1876,0.6926105804161364,0.5640677966101695,0.20671679557504813,0.016413181322223153,0.6007669210863943,-0.004203341221066763,0.9446682504652381
nhanes_ckd,XGBoost,9,1876,0.6807150484939803,0.5540092776673293,0.21175509859463545,0.03542677980039544,0.6138058044702273,-0.07813727256423277,0.8440266762538402
nhanes_dm,BRL,0,13731,0.5584171649564632,0.27421459399779186,0.13184941520500837,0.0017803111011204405,0.4321543997611955,0.3151671074943492,1.1930912188872018
nhanes_dm,BRL,1,13731,0.5271564142382033,0.2503391293624368,0.13262657169108857,8.825723213631842e-05,0.4352434533254241,-0.6768805416240451,0.5954045025869329
nhanes_dm,BRL,2,13731,0.5586340377171966,0.28415691180412833,0.13201614716644938,0.0038204304351347235,0.4328049668682124,-0.4295058742037437,0.7439492703844554
nhanes_dm,BRL,3,13731,0.5736232166596646,0.28838245373543525,0.13147039547621048,0.0030919076432585385,0.4307129346105019,-0.08031028294684446,0.9516352562224499
nhanes_dm,BRL,4,13731,0.5258243043286148,0.277870549729477,0.13234692510366616,0.0013252981753708363,0.4340228400109991,-0.3249618747709549,0.8080360758509542
nhanes_dm,BRL,5,13731,0.5454657466929352,0.2809587217043941,0.13217201218876518,0.0005716529031103762,0.4333682703519353,-0.09226997146952684,0.9469129311497286
nhanes_dm,BRL,6,13731,0.5231387429348998,0.25690300394457366,0.13258205938730416,0.0003452029990253791,0.4350487355196724,-0.4388152912623739,0.7393849812971139
nhanes_dm,BRL,7,13731,0.5296547772515122,0.27277908965067993,0.13259332044022923,0.00025094223406935123,0.4350917754759073,4.121579875540373,3.464100204013737
nhanes_dm,BRL,8,13731,0.5486332320128093,0.27019442774103025,0.1321594024184551,0.0026815235195075697,0.43349435281166765,-0.18636487786163736,0.8872098827814442
nhanes_dm,BRL,9,13731,0.5755813860545359,0.286425902864259,0.13085382001585108,0.0077546017551711885,0.42912656937162397,0.0960514734093012,1.0595968430270055
nhanes_dm,EBM,0,13731,0.8332538219802551,0.49181777974347635,0.10295606160674939,0.011017867821839453,0.3328292839665569,0.003923947313351322,1.0292492920509893
nhanes_dm,EBM,1,13731,0.8328751888769311,0.4832809374106888,0.10314565394900968,0.009606873272982498,0.33309045495314576,0.03285617063890313,1.0223838193562043
nhanes_dm,EBM,2,13731,0.8335353189470339,0.48581757508342605,0.10320291443472768,0.009180628774209018,0.3323377382795909,0.004065760849810471,0.9962719737045507
nhanes_dm,EBM,3,13731,0.8325138408503634,0.49543481514743304,0.10310694533122129,0.008578392846027965,0.3326178217721871,0.011517177903765129,1.0053890397922953
nhanes_dm,EBM,4,13731,0.8327386267791839,0.4901092412164157,0.1032321141771628,0.01522847959516275,0.3331451263601725,0.1311516407831611,1.1153043562698752
nhanes_dm,EBM,5,13731,0.8320115545043031,0.48037331869338457,0.1034667583904207,0.007023389159753963,0.3335883389784435,-0.022735523150049036,0.9795497952708219
nhanes_dm,EBM,6,13731,0.8347008926373327,0.49120816789563243,0.10262319576947594,0.008128637258053278,0.33073899679367585,-0.040005114535809724,0.9856201913034385
nhanes_dm,EBM,7,13731,0.8313915098260767,0.48072122052704575,0.10330135270737047,0.004790256407475804,0.33336156918855203,-0.0340742497390758,0.9755429445345307
nhanes_dm,EBM,8,13731,0.8352073553776611,0.48119057461761056,0.10258418305676585,0.010431032408953754,0.3311900780201103,-0.031644845212418934,0.9975702214636907
nhanes_dm,EBM,9,13731,0.8337818660880941,0.4899899179029238,0.10304307009472774,0.01060994610828929,0.3320196909042307,0.01342822317148529,0.994702797255837
nhanes_dm,EBRO-MH,0,13731,0.7329137116179374,0.3765638548247244,0.12049582224812767,0.015669186470303895,0.39074581283514453,0.08213696680283641,1.0656719258166645
nhanes_dm,EBRO-MH,1,13731,0.7623035975660053,0.40478615071283097,0.11682608444429107,0.02229142654322788,0.3779608108392498,0.012082171167284663,1.0155484770809118
nhanes_dm,EBRO-MH,2,13731,0.7353057464307615,0.3958109559613319,0.11866422582861148,0.008675490691382808,0.3868744615594601,-0.0032761771766570648,0.9996076255210258
nhanes_dm,EBRO-MH,3,13731,0.7316744215713922,0.3855795322393074,0.11892114330865826,0.006767150662852945,0.3883480729129337,0.07047282420650035,1.0511755570301446
nhanes_dm,EBRO-MH,4,13731,0.7308833045901489,0.39264592440215995,0.11955724464368629,0.015027387891081616,0.38984918934721496,0.17324137591931418,1.1205412715756164
nhanes_dm,EBRO-MH,5,13731,0.7302938734813911,0.3864415721445529,0.12064415616342881,0.01664014122535249,0.39199632505456383,-0.09371334703337343,0.9409296200225012
nhanes_dm,EBRO-MH,6,13731,0.7446965587790125,0.3956043956043956,0.1188068314408672,0.01733072860608562,0.38516073334370016,0.02362756504325245,1.0248247301483482
nhanes_dm,EBRO-MH,7,13731,0.7201646986058117,0.38395342951151606,0.12087843338028906,0.015328984188677789,0.394225641297725,-0.06504574915366237,0.9558010488831407
nhanes_dm,EBRO-MH,8,13731,0.7203829102106406,0.3750456037942357,0.12079920935999765,0.014935009686017752,0.39351402742460684,-0.02371192166641012,0.9924950037419535
nhanes_dm,EBRO-MH,9,13731,0.7364509177356636,0.403717688062736,0.11838072083307478,0.009572884940873468,0.3865121853332575,0.05906371008202728,1.0320279257200269
nhanes_dm,LR,0,13731,0.8134713413827038,0.4585613239023088,0.10778779614630847,0.012638791110222836,0.34809477644836073,0.02959290606918425,1.0455674933929218
nhanes_dm,LR,1,13731,0.81256432446483,0.4650425255874297,0.10836806569087747,0.013777193666241387,0.349336319561978,0.04713949163734188,1.0318180564505632
nhanes_dm,LR,2,13731,0.8124156728047274,0.4606093141860153,0.10809465625102176,0.011538043838314894,0.34871456537230555,-0.004430248220837548,1.000344762859115
nhanes_dm,LR,3,13731,0.8119268548306133,0.46890367370552505,0.10830981822012156,0.013281488115734916,0.3494415343412218,0.00024121530273970865,1.0000891974194994
nhanes_dm,LR,4,13731,0.8117272471638886,0.46498293515358363,0.10833286389379385,0.012063516762244809,0.34994775671142825,0.09138516052795947,1.0782052281412713
nhanes_dm,LR,5,13731,0.8119926380360253,0.4591143710948112,0.10819591577731696,0.009939739378148758,0.34935993414131417,-0.03435326891226166,0.971184564098647
nhanes_dm,LR,6,13731,0.8132880196553504,0.45998655010087425,0.10784175049557536,0.011980684303045509,0.3481411153135752,0.014718991513940198,1.024035749460726
nhanes_dm,LR,7,13731,0.8121077586454959,0.4519015659955257,0.10822107660000728,0.011871893504621483,0.3492126397500885,-0.02664390103780871,0.9847320184608278
nhanes_dm,LR,8,13731,0.8126026313921614,0.4547625364818254,0.10816188032416772,0.011978687764201626,0.3489839064614081,-0.03819401949905349,0.9810722912524242
nhanes_dm,LR,9,13731,0.812386018407148,0.4680299539170507,0.10825615069029029,0.013010952433903065,0.34922376652049447,0.023691551971537637,0.9996703951556777
nhanes_dm,Random Forest,0,13731,0.8257425668974434,0.47301762114537443,0.10592981554792,0.011702275281893089,0.3396501531810931,0.006013590612310114,1.0342249095695133
nhanes_dm,Random Forest,1,13731,0.8247626728987261,0.474090407938258,0.10647592644672736,0.010733563208055729,0.34060943873125293,0.011474478552039894,1.017101183461733
nhanes_dm,Random Forest,2,13731,0.8251310348697349,0.4647499015360378,0.10638683047500122,0.008845874685622236,0.34011747998834724,0.013401923986412174,1.0054504030585958
nhanes_dm,Random Forest,3,13731,0.8230889379345449,0.4696290256828373,0.10670680377596467,0.00756843547164949,0.3413353140867377,0.01616809619661448,1.001969860928767
nhanes_dm,Random Forest,4,13731,0.8241533989215072,0.4704598171646882,0.10645368259197538,0.015844690573236755,0.3415737844056844,0.1330111331484103,1.1185980961567878
nhanes_dm,Random Forest,5,13731,0.8261868033614499,0.4771881461061337,0.10629160973781654,0.011719870208330348,0.3398344385589537,0.027106104388616215,1.0129073882221262
nhanes_dm,Random Forest,6,13731,0.8243935116178097,0.4679255390384358,0.10648580610159282,0.007984796602493209,0.3406195582420616,-0.03485801994321801,0.9982944335104635
nhanes_dm,Random Forest,7,13731,0.8239478963442123,0.47018287834614364,0.10659766159544763,0.00950318869928244,0.34072675928746027,0.01771479428249432,1.0146932371641542
nhanes_dm,Random Forest,8,13731,0.8220049338203368,0.46753940689286666,0.10696323930355506,0.00918978284226929,0.3423812783564929,-0.056013722596858544,0.9725830682713298
nhanes_dm,Random Forest,9,13731,0.8265224935399773,0.4807859000288934,0.10623026136750811,0.011885702341309028,0.33906974913919463,-0.002217287194328804,0.9871929314366353
nhanes_dm,RuleFit,0,13731,0.8087564320468281,0.46227342981593367,0.108398667009339,0.008348649860383887,0.3492757583500642,-0.0024415777609482327,1.0223802081360238
nhanes_dm,RuleFit,1,13731,0.8098822600519615,0.46102962323842395,0.10844526726616172,0.010829813989497393,0.34838497909787136,0.011115236778698299,1.00932751970414
nhanes_dm,RuleFit,2,13731,0.8113243949703585,0.4580896686159844,0.10827620394902025,0.008512830951921093,0.3479055056525935,-0.019365390871762114,0.984882278171644
nhanes_dm,RuleFit,3,13731,0.811277455496023,0.46604414261460103,0.10788448607682166,0.00620087602909683,0.3472375107449226,0.03195805167050862,1.0156067859107978
nhanes_dm,RuleFit,4,13731,0.812217923533538,0.4531394580304032,0.1073344503217801,0.010456189045272993,0.3468845263603502,0.11498203890081643,1.1004649934635726
nhanes_dm,RuleFit,5,13731,0.8106612674881014,0.4495841995841996,0.10799023628669453,0.007219287190294917,0.3476920524430375,-0.004050254896136682,1.006596182662509
nhanes_dm,RuleFit,6,13731,0.8089606357455228,0.4516215491825248,0.10853730471032334,0.00843955504222287,0.3493301966984638,-0.018930268670537594,1.0057517141094794
nhanes_dm,RuleFit,7,13731,0.8071651259168884,0.45712630359212053,0.10871620323784745,0.00660525066285162,0.35016378815499016,-0.03559563973155217,0.9769104400346316
nhanes_dm,RuleFit,8,13731,0.8099102159159868,0.45505304299274146,0.10840075270747371,0.008207323678431326,0.34882425321460075,-0.05049434267362037,0.9721609131103911
nhanes_dm,RuleFit,9,13731,0.8099183888597941,0.4591709413558852,0.10797450997552382,0.007736949755717214,0.3481027299457292,-0.01202124013311864,0.981872823357622
nhanes_dm,XGBoost,0,13731,0.8281619381091141,0.4834680382072006,0.10442980700726498,0.011451991359772746,0.33685740056991176,-0.00279954177219145,1.021429612126743
nhanes_dm,XGBoost,1,13731,0.8298462639295737,0.48180391037533893,0.10420345229773699,0.012415938423218876,0.3357754930439826,0.058364972778799554,1.0484563012778125
nhanes_dm,XGBoost,2,13731,0.8305679408625769,0.4780435076341035,0.10413244594484608,0.01050100941314217,0.33501427050820776,0.042223596738886315,1.0230376688302507
nhanes_dm,XGBoost,3,13731,0.8275036864172947,0.47316599639439744,0.10458667772276174,0.00671040853805553,0.33669205083207926,0.011560805632140451,1.0011734355937258
nhanes_dm,XGBoost,4,13731,0.8288384939978221,0.48056439341541013,0.10454026899602509,0.01823791270638651,0.33682350298234554,0.14786508800288434,1.133828939622222
nhanes_dm,XGBoost,5,13731,0.8286146872236386,0.4703982777179763,0.10501411199849071,0.011005223529416687,0.3368733165898273,-0.02727895883321852,0.9765053747129391
nhanes_dm,XGBoost,6,13731,0.8296201191739099,0.4804581245526127,0.10426285086403633,0.006279542536473822,0.33549160894154323,-0.03626237897912142,0.9896067308265829
nhanes_dm,XGBoost,7,13731,0.8278476894188634,0.47534132070214546,0.10422196351323158,0.0074561840525139405,0.3362496543315039,0.006688786276821609,1.008128830828143
nhanes_dm,XGBoost,8,13731,0.8287715717757917,0.48178197374243986,0.10432377980004491,0.008219637512528518,0.33605826096980623,-0.040715500434425456,0.9828800075204998
nhanes_dm,XGBoost,9,13731,0.8280830861867099,0.4779495990836197,0.10457884195191183,0.010308856993309192,0.33642139871499144,0.02066372934053767,1.0037078622070188
pidd,BRL,0,768,0.784365671641791,0.6469500924214417,0.17850981987902084,0.04908748208321309,0.5347542693071585,0.013439499842228307,0.9565373866660788
pidd,BRL,1,768,0.7612089552238807,0.6055646481178396,0.184067535736514,0.029099847348103072,0.5488110521557336,-0.13593659290881682,0.8270306428226497
pidd,BRL,2,768,0.7656940298507462,0.6196721311475409,0.18276728624408323,0.022456860021782443,0.5432835369814227,0.09529033768245333,1.0905606599400788
pidd,BRL,3,768,0.7573134328358209,0.6103286384976526,0.18605726834767503,0.05701695445157101,0.5593161759500807,-0.044468191437699645,0.9776881382210734
pidd,BRL,4,768,0.7576231343283583,0.6320907617504052,0.181305918435677,0.0467588668308926,0.5457739373076472,-0.020148882761732566,0.9621915672796137
pidd,BRL,5,768,0.745179104477612,0.602112676056338,0.1851274684609628,0.037181007465712484,0.5540969857382193,-0.03379344202885166,0.9683777209525068
pidd,BRL,6,768,0.7467350746268656,0.6262975778546713,0.1861839460700784,0.04503225698940004,0.5527223975911699,-0.12446070470953101,1.0171964187850562
pidd,BRL,7,768,0.7636343283582089,0.6280193236714976,0.18227511314251035,0.036068909792030465,0.5427792434113622,0.04950364625486948,1.0178443689704857
pidd,BRL,8,768,0.7641753731343283,0.6101141924959217,0.1840483855559747,0.06173795243210838,0.5493958037263664,0.07976004618739935,1.11101249959918
pidd,BRL,9,768,0.7647201492537313,0.6096654275092936,0.1831464333823495,0.026386880387589733,0.5459641962400501,-0.12515304496178287,0.9058897745282993
pidd,EBM,0,768,0.8303358208955224,0.6686656671664168,0.15979050857449087,0.04758760466942546,0.48673066296307077,0.08852153145994879,0.9386121842526147
pidd,EBM,1,768,0.8309402985074628,0.6584507042253521,0.15856192604186772,0.049497482336940485,0.49228116253052373,-0.09021619216086417,0.9561504888917132
pidd,EBM,2,768,0.8335746268656716,0.676056338028169,0.15656932178666874,0.045055057069369624,0.47871573656459815,0.006407405399136504,0.961287033548824
pidd,EBM,3,768,0.8326119402985075,0.659217877094972,0.1586091937105573,0.049690634550090436,0.4810099128575031,0.056452070818417896,1.1722020769688384
pidd,EBM,4,768,0.8402611940298507,0.6867088607594937,0.15383770402810462,0.04179150932885031,0.47124573202715975,-0.08017586467878374,0.8426340536976419
pidd,EBM,5,768,0.8320373134328358,0.6710097719869706,0.1586529540347844,0.04029938503589651,0.4804761879025434,-0.024650423052138423,0.817205649625874
pidd,EBM,6,768,0.8393059701492538,0.6978998384491115,0.15542464867977185,0.0427191293994124,0.4764489181696078,-0.003882674637657588,1.1258371040354398
pidd,EBM,7,768,0.8347164179104478,0.700162074554295,0.15547955979805198,0.027564316433424236,0.4756851914633636,0.007183912652562374,0.9404509553163146
pidd,EBM,8,768,0.8410447761194031,0.6342342342342342,0.15503623567320346,0.03423495643159273,0.4827650744372954,-0.03864128832781075,0.8430397816381634
pidd,EBM,9,768,0.824589552238806,0.6677631578947368,0.1623883120677623,0.03515610869091135,0.4931217735530519,-0.012950099554375403,0.864474093572404
pidd,EBRO-MH,0,768,0.7267388059701493,0.5763358778625954,0.19424827268668135,0.05729960668533431,0.5715022175280376,0.0008866571783673039,0.9379380314897328
pidd,EBRO-MH,1,768,0.7684850746268657,0.6049149338374291,0.18074216239107513,0.03503672281347141,0.5425420068687319,-0.05856032050400417,1.0138080594970065
pidd,EBRO-MH,2,768,0.7787126865671641,0.6086956521739131,0.18022688639506568,0.06790502605737919,0.5356327614356392,0.05557793506312692,1.104638079954358
pidd,EBRO-MH,3,768,0.7279291044776119,0.6095551894563427,0.19033740852341086,0.037184051771476566,0.5631025635931312,-0.0785698630506612,0.9813127483154889
pidd,EBRO-MH,4,768,0.7736455223880597,0.5958188153310104,0.17939342410519912,0.03222520406737759,0.5346413383345224,0.0275822764940699,1.0271744747853113
pidd,EBRO-MH,5,768,0.7291753731343283,0.5686653771760155,0.1907328467120071,0.048256891543017114,0.5659247090456111,-0.024755964060355205,0.908746534994589
pidd,EBRO-MH,6,768,0.7734514925373135,0.6151260504201681,0.1799119517709238,0.06583280089488369,0.5367604033375446,-0.06659946767016835,1.0678700559550605
pidd,EBRO-MH,7,768,0.7614253731343285,0.5740072202166066,0.18343507313941035,0.04097972544176133,0.5446381739721545,-0.00478147423029532,0.954687569491811
pidd,EBRO-MH,8,768,0.7534738805970149,0.5853658536585366,0.18426681060116312,0.02634800536755335,0.5486255688852467,0.08891556555023793,1.061242686489797
pidd,EBRO-MH,9,768,0.7718470149253732,0.6023622047244095,0.1816107341821532,0.035644188252005465,0.5461819146977765,-0.08376891036334844,0.790484588394992
pidd,LR,0,768,0.8253283582089553,0.6666666666666666,0.16241744609218436,0.04255561450296405,0.4926853862557088,0.0411657103350548,0.9066804759245025
pidd,LR,1,768,0.8286716417910448,0.6677966101694915,0.15984533663218345,0.04725202372089141,0.48997613709219906,-0.02007213911455437,1.0396347328694449
pidd,LR,2,768,0.8219253731343283,0.6598984771573604,0.16090393566212693,0.0422608032465452,0.4913035423761869,-0.013404800319762326,0.9572775604157027
pidd,LR,3,768,0.8230373134328359,0.627177700348432,0.1621131674789237,0.040158254696187945,0.49309940560771737,0.04420990797741356,1.0818165320511877
pidd,LR,4,768,0.8322611940298508,0.6625386996904025,0.15808874388727154,0.04214585363510397,0.48392736531718006,-0.053762381249050396,0.9236514445049604
pidd,LR,5,768,0.8172835820895523,0.6566164154103853,0.16450078745640387,0.042376012520210324,0.5031749593631002,-0.1038759523002011,0.7875043759531639
pidd,LR,6,768,0.8285522388059701,0.6561514195583596,0.1603980228599655,0.040835846707414324,0.48873811450228866,-0.04356501144935321,1.1093370154799373
pidd,LR,7,768,0.8207611940298507,0.67008547008547,0.1617622871890965,0.030092462143788072,0.49564230889260114,0.056869963481260395,0.9550505217967022
pidd,LR,8,768,0.821955223880597,0.6079136690647482,0.16325723560157415,0.040083641587063026,0.5000997466099033,-0.10537215529221317,0.8611034794479627
pidd,LR,9,768,0.8282611940298508,0.6644518272425249,0.15896620185562793,0.03376109808448548,0.48535470871740866,0.01860678234036516,1.0222655317244678
pidd,Random Forest,0,768,0.8262537313432836,0.6907378335949764,0.16209263393239148,0.04219824483647441,0.48750098770606515,0.08967424202606893,0.8587549910915431
pidd,Random Forest,1,768,0.8250820895522389,0.6688417618270799,0.16110887411381017,0.04906906447853402,0.4897957240055861,-0.13089612085532143,0.9500525010483726
pidd,Random Forest,2,768,0.8332835820895522,0.694078947368421,0.15618154338357726,0.02894289449551436,0.47724539948682865,1.8181005120309485e-05,1.015340379631595
pidd,Random Forest,3,768,0.8197462686567164,0.654275092936803,0.1641895557995037,0.055889578940509055,0.49361155311452737,0.026369892814421855,1.1547700460649535
pidd,Random Forest,4,768,0.8293805970149254,0.6938110749185668,0.15883042058031602,0.038557874828251,0.4829977072026687,-0.08462653518557842,0.8321283947331682
pidd,Random Forest,5,768,0.8239701492537312,0.6732673267326733,0.16312287629238098,0.03677200572824441,0.49058395266217997,-0.019552622684559758,0.8243545252513195
pidd,Random Forest,6,768,0.8323805970149254,0.6857142857142857,0.15806908863441724,0.043200925798688394,0.48656320229190486,-0.045305317744693506,1.0651085858499827
pidd,Random Forest,7,768,0.8387910447761194,0.6701030927835051,0.15531058787439903,0.03869474774916708,0.4681710382981706,0.015172763991111537,0.9666072659413959
pidd,Random Forest,8,768,0.8292761194029852,0.6501766784452296,0.16092446259106644,0.038457427847788744,0.49519366988288843,-0.07147122722423434,0.8005417966813443
pidd,Random Forest,9,768,0.8268805970149256,0.6835443037974683,0.1610272860946598,0.03507156441553562,0.4883945673256414,-0.0898912636426346,0.8437198212988054
pidd,RuleFit,0,768,0.8265149253731343,0.66996699669967,0.16089065861066618,0.03484263402136363,0.48573116730440463,0.10247348047696792,0.9774851887803114
pidd,RuleFit,1,768,0.8159365671641791,0.6666666666666666,0.16538757255344363,0.04090731930487459,0.5024952273468136,-0.1165621634576356,0.9428679392620148
pidd,RuleFit,2,768,0.8159365671641792,0.6552901023890785,0.16425178969174195,0.036495766307714096,0.49825966047192244,0.004671076484595874,0.866168830897804
pidd,RuleFit,3,768,0.8124141791044777,0.6605839416058394,0.16665185214872483,0.0489509520270229,0.5036419063965054,-0.01268557965474168,1.0523888279831721
pidd,RuleFit,4,768,0.8226977611940298,0.6491228070175439,0.1630633494098346,0.03519289844905767,0.4936171120371384,-0.11202071979830559,0.8375179985957818
pidd,RuleFit,5,768,0.8215074626865672,0.6580226904376013,0.16301752948091916,0.034782444366777875,0.49137137508535483,-0.027244321898803027,0.8668290654170111
pidd,RuleFit,6,768,0.8196007462686569,0.685337726523888,0.1619766088020411,0.0260824163936234,0.49379301494907685,-0.034647646095362826,1.0632904519980848
pidd,RuleFit,7,768,0.8239291044776119,0.6632996632996633,0.1598067163318682,0.03358132772440387,0.48573069150814446,0.03760299691212924,0.9792178601008058
pidd,RuleFit,8,768,0.8193320895522389,0.6722408026755853,0.16517798095606656,0.036365521911124785,0.5063577830002245,-0.0830564146482752,0.8037239127847678
pidd,RuleFit,9,768,0.8249888059701493,0.6677577741407529,0.16172994619608308,0.03968140153936845,0.48872180128805115,-0.07301139726823618,0.9151369248693088
pidd,XGBoost,0,768,0.7924402985074626,0.632258064516129,0.1740745655629732,0.050761232136249654,0.5184377297918531,0.07897674937022997,0.9539537411437033
pidd,XGBoost,1,768,0.7892910447761194,0.6464,0.175821857808374,0.06517778280321551,0.5295463449469778,-0.12558544965886628,0.9081204660382909
pidd,XGBoost,2,768,0.8082835820895522,0.6634615384615384,0.16806750515596647,0.040617853137064064,0.5043910741677249,0.010406949127604415,1.0234148095963966
pidd,XGBoost,3,768,0.7923805970149255,0.6193771626297578,0.17487578641153098,0.04989964667373811,0.5230770891470032,0.054469862862762466,1.2124784122479846
pidd,XGBoost,4,768,0.8013432835820895,0.6504559270516718,0.17035182208443644,0.03220683113071443,0.5107763740993575,-0.05729325573968353,0.9288679244045993
pidd,XGBoost,5,768,0.7875223880597014,0.6040268456375839,0.17706269899607494,0.04349859056691012,0.5267821783581218,-0.038026687900438214,0.8308237514849748
pidd,XGBoost,6,768,0.8089179104477613,0.6579378068739771,0.16770325715455056,0.024830343701054837,0.5047535403357384,0.0560522992500972,1.1262071098999729
pidd,XGBoost,7,768,0.8145671641791045,0.6449704142011834,0.16556699548536644,0.031683585311824976,0.49828636156235895,0.01050310436502234,1.0048359307007948
pidd,XGBoost,8,768,0.8016194029850747,0.6104129263913824,0.17190904206046906,0.04249348496371928,0.5210561651249717,-0.05596116160158934,0.830975362223291
pidd,XGBoost,9,768,0.7880447761194029,0.6256239600665557,0.17724780150404337,0.02660288267072253,0.5259906554703012,-0.03684828521658434,0.8761178834137741
temporal,BRL,0,5084,0.4996221904416316,0.2792350651548485,0.13601969382966367,0.006930743440717951,0.44372277854683645,-0.42473224316833047,0.7181355727999608
temporal,BRL,1,5084,0.5950009605327755,0.3225806451612903,0.13387255376471366,0.007090678435150877,0.43585984643486825,1.749868528444597,2.015910630932891
temporal,BRL,2,5084,0.5,0.2792350651548485,0.13600563391038645,0.0080386547717686,0.4436654591148093,,
temporal,BRL,3,5084,0.575589518097149,0.307823613086771,0.13502143219519572,0.013202904942167443,0.4398264260467958,2.466884224455468,2.369028825493341
temporal,BRL,4,5084,0.5179574092652279,0.27952105697770435,0.13585866713775022,0.006345836547427652,0.44310224229091005,1.0717120893110783,1.6071112979306712
temporal,BRL,5,5084,0.524386859911631,0.24330900243309003,0.13609686476892674,0.008995625261021767,0.44411645346485085,-0.8670326770096938,0.4503997000939632
temporal,BRL,6,5084,0.5167074359466941,0.2792350651548485,0.13599273515097546,0.007867884606976877,0.44361609955136205,-0.42166486696251176,0.7173769653994553
temporal,BRL,7,5084,0.5588995851921421,0.3029804727646454,0.13487568800315425,0.00569612384580323,0.43912409278272196,2.493461290233488,2.4695040711681457
temporal,BRL,8,5084,0.5167131279927711,0.2792350651548485,0.13585657702676293,0.005507747836076882,0.4431085707584388,-0.4265727151868598,0.7219015262414017
temporal,BRL,9,5084,0.500484820024618,0.26542387927208166,0.1360069802442847,0.008100245893145674,0.44367077888487355,-0.42113461230841337,0.7168580434772999
temporal,EBM,0,5084,0.8301462144336058,0.44223826714801445,0.10871674705865415,0.03397509617157597,0.3466697392971545,-0.34980675556401486,0.9500370206954482
temporal,EBM,1,5084,0.8301413761944404,0.49135987978963186,0.10913983959676966,0.0329228852817835,0.3462783359261709,-0.40107500064307017,0.8910308878980886
temporal,EBM,2,5084,0.8309985983336535,0.45918367346938777,0.10699461078498751,0.02730098046874297,0.34491907453382037,0.09602994801850372,1.2743414592806634
temporal,EBM,3,5084,0.8315968323763582,0.47516052720513685,0.1065777464637914,0.02263971278751479,0.3411649485639414,-0.17225193304109832,1.0296812917205767
temporal,EBM,4,5084,0.827949653852448,0.44498040397949956,0.10810156961511384,0.03139240835942404,0.34739492363826274,-0.12503922386826352,1.1395990903719964
temporal,EBM,5,5084,0.8288729037261556,0.48140350877192983,0.10839240057856157,0.03179658842750158,0.3466636264129925,-0.2574839259377516,1.0229909214068482
temporal,EBM,6,5084,0.8322864237586003,0.46302873748789153,0.10835625913219715,0.0371881694156039,0.34541139839412044,-0.33926939858874716,0.9901361682914912
temporal,EBM,7,5084,0.830177236084726,0.4646265218821981,0.10830977620367235,0.03525381356060846,0.3463881101134763,-0.2713292998130927,1.0387469276258996
temporal,EBM,8,5084,0.825165674116132,0.47528128196385955,0.10940899021849941,0.032457399741303364,0.3482049471808141,-0.24649594349904883,0.9767104615792418
temporal,EBM,9,5084,0.8304857449821055,0.48416608022519353,0.10758641599521016,0.031081743135856238,0.34380835906114104,-0.17198176418337574,1.0599423882793735
temporal,EBRO-MH,0,5084,0.7289071983037703,0.3975812547241119,0.12338204057286785,0.023683225964191063,0.39941200084447814,0.1787109880648387,1.1003168493315132
temporal,EBRO-MH,1,5084,0.7367504108945762,0.377379010331702,0.12689757915431504,0.03919003042999552,0.4054053821512498,-0.4869451022723935,0.7729017972126808
temporal,EBRO-MH,2,5084,0.7562115164322255,0.382205843643064,0.12053663997100977,0.024606500729005807,0.3913803262525301,0.1951326279134556,1.2678744510383757
temporal,EBRO-MH,3,5084,0.7688233829252848,0.4265463917525773,0.12070007803237229,0.02624572141476392,0.38348651327298505,-0.28955507436091255,0.8791707858983501
temporal,EBRO-MH,4,5084,0.7296868663151828,0.39139486467730744,0.12255285959680041,0.011870240913414497,0.3972715820575689,-0.08230632447536701,0.9482221795456014
temporal,EBRO-MH,5,5084,0.7389653283243328,0.39975772259236825,0.12449875706898485,0.03403041708319694,0.3997020291484102,-0.041622244903350196,0.9943588216690651
temporal,EBRO-MH,6,5084,0.7689974172340925,0.4264202600958248,0.11855408265035286,0.021743990109302752,0.38090183105219244,-0.15917734496099764,0.9651731695009501
temporal,EBRO-MH,7,5084,0.7489757874589995,0.39106145251396646,0.1217105476491586,0.024037763928312274,0.3923764029026818,0.06643287704471681,1.0452199409585998
temporal,EBRO-MH,8,5084,0.735755298939145,0.38030560271646857,0.12337628532351609,0.026006142027877783,0.398299408242257,-0.23582772879881395,0.9737296891013946
temporal,EBRO-MH,9,5084,0.7632263940176596,0.4260900389932648,0.12171246826491207,0.03460933736514301,0.3897069106027818,-0.16275765696473682,0.9447410515488673
temporal,LR,0,5084,0.8080346076401489,0.44724409448818897,0.11303498367007343,0.020565693712887346,0.36012473515625665,-0.24882923439777627,0.9293518363897135
temporal,LR,1,5084,0.8085073320668531,0.46787968808020797,0.1130160807450313,0.020360375918505393,0.359797223426722,-0.3286591266141685,0.8433027813826972
temporal,LR,2,5084,0.8093662618198894,0.47067502766506825,0.11223811291105058,0.027179519456054842,0.36152287277630046,0.23388378302337468,1.2910246650265083
temporal,LR,3,5084,0.8153335183248308,0.44660804020100503,0.11074588959990163,0.0228577800921104,0.35360032866514085,-0.1945836086774998,1.0056856595850505
temporal,LR,4,5084,0.8068637537620867,0.4292022372681778,0.11246059579033624,0.01648287035143432,0.3597106469002275,-0.13779033994471973,1.0050303895566735
temporal,LR,5,5084,0.8104272592086633,0.4643895348837209,0.1115153790481699,0.014967199045739387,0.35596152750364307,-0.08316265855851254,1.013149132942233
temporal,LR,6,5084,0.8113408326040399,0.45853000674308836,0.11091711386579449,0.01879060709509843,0.35588490386516414,-0.15716449623010198,1.0066524482255397
temporal,LR,7,5084,0.8098324403936049,0.4530531845042679,0.11295518289796047,0.029589563945424745,0.3596918928670597,-0.26753920320518215,0.987685781276254
temporal,LR,8,5084,0.8062259599991463,0.4700887688151293,0.11253894190828392,0.016241387543380826,0.3593578849841734,-0.12753102270856892,0.9521251443651474
temporal,LR,9,5084,0.805678385166528,0.46508058326937834,0.11260176141626957,0.0162355469806082,0.3593707852526263,-0.11577882216719972,0.9855793803095573
temporal,Random Forest,0,5084,0.82088724768227,0.4364067595612215,0.11152790870564663,0.03711900899704811,0.35719877124574734,-0.3227850719441238,0.9939875263876088
temporal,Random Forest,1,5084,0.8164155762840899,0.4413879337292904,0.11186994059253523,0.02682358541155721,0.35706701730701845,-0.3796010651946692,0.8556255744755359
temporal,Random Forest,2,5084,0.819568116003899,0.49524596940884663,0.11030073575512013,0.02991923440016954,0.35469581123812416,-0.08449982211024554,1.1359200386771544
temporal,Random Forest,3,5084,0.8185338712316876,0.47390691114245415,0.11075582543578404,0.029385675582844314,0.35400840293472025,-0.20883664730559115,1.0434197378231862
temporal,Random Forest,4,5084,0.8166805410289796,0.39692307692307693,0.11173488458679633,0.03140873700492203,0.35700880306407873,-0.225415464768145,1.0417290185369843
temporal,Random Forest,5,5084,0.8188790938262644,0.4432831232708269,0.11172997409953773,0.035790921877526416,0.3561056972044565,-0.30026052301841866,1.005688957716995
temporal,Random Forest,6,5084,0.8186175443090212,0.4629566404916354,0.11132124598729518,0.035546459509761555,0.3554980257315205,-0.2536948949668597,1.0499611200776442
temporal,Random Forest,7,5084,0.8182504073370475,0.46277665995975853,0.11115166174262336,0.02752468843534497,0.35498041792912266,-0.1760541724464629,1.0580371209862556
temporal,Random Forest,8,5084,0.8159229296961159,0.4744933612858141,0.11175922470543295,0.025756013461639863,0.35533631033524804,-0.06476726369164197,1.0531167753417034
temporal,Random Forest,9,5084,0.8176575807381161,0.4608,0.11217049246198317,0.027884712493627093,0.3567134600758966,-0.19625291348991716,1.0140654089320578
temporal,RuleFit,0,5084,0.8153614093506086,0.44809088040391293,0.11082892482767984,0.020878833007348437,0.3538245909630336,-0.21937441334456434,0.968916591449305
temporal,RuleFit,1,5084,0.8082250065814283,0.4642324888226528,0.11297666276549738,0.020471118198312526,0.35885405504673124,-0.245068003727991,0.8861511535354181
temporal,RuleFit,2,5084,0.8078203021053456,0.46211272863008584,0.11171244527274998,0.022130352792604,0.3577872191398061,-0.04379309614441967,1.095298111685535
temporal,RuleFit,3,5084,0.8111912740933639,0.4748743718592965,0.11229821240960967,0.02144822974903118,0.35673988524393674,-0.21228639992708515,0.975844767892197
temporal,RuleFit,4,5084,0.8084243704952792,0.4457326892109501,0.11129026598216865,0.018171525800752163,0.35730925932968294,-0.1425537040522326,1.0131906100209644
temporal,RuleFit,5,5084,0.8129626388325613,0.4829848298482985,0.1108838899139193,0.018402459968556963,0.35362259907481247,-0.15416693894592537,1.0040582474108115
temporal,RuleFit,6,5084,0.8146047941258084,0.47089358546533183,0.11131831690603634,0.022707943605766653,0.3550110367343654,-0.18031274217915538,1.0149045217992443
temporal,RuleFit,7,5084,0.8107741894170634,0.4730195177956372,0.11175608604304539,0.022931431426644704,0.3564010636803068,-0.2414169718065597,0.9625515247985664
temporal,RuleFit,8,5084,0.8051750659921592,0.4457793234271262,0.11403063041859356,0.020452719751022516,0.36104323254538173,-0.22389554237991793,0.9007087768121828
temporal,RuleFit,9,5084,0.8091061353141653,0.4562260202302058,0.11161524558117349,0.01850342564096081,0.35691354928103713,-0.04424762040130137,1.0550640297508018
temporal,XGBoost,0,5084,0.8149463168904353,0.39884846898717613,0.11099521907988161,0.032453036026824644,0.3558933308758672,-0.28784552932822033,0.9925921838686806
temporal,XGBoost,1,5084,0.8104622652920376,0.46734909989410517,0.1122053873686063,0.025066955697418885,0.3584887979209746,-0.37255821881500023,0.8566156011636662
temporal,XGBoost,2,5084,0.8165146178858319,0.45123537061118335,0.10973144597956924,0.02237682430512657,0.35292244029326103,-0.026706301107228686,1.1480396296642488
temporal,XGBoost,3,5084,0.8137548293453436,0.4770070148090413,0.11089054697479418,0.029602171475858915,0.3550839508498743,-0.2753116240239196,0.9828740570244549
temporal,XGBoost,4,5084,0.8126643756181205,0.40277037826318596,0.1117483994249556,0.032558788038131524,0.3575818809679463,-0.21730026192825977,1.0508653426984726
temporal,XGBoost,5,5084,0.816608821248408,0.46101923725953425,0.11009955027191047,0.033012765048405925,0.35394373676909835,-0.2990366488780303,0.9888829371207709
temporal,XGBoost,6,5084,0.8150385280368844,0.43186582809224316,0.11181336303357167,0.03507636211423044,0.3573203840352882,-0.3100897620967492,0.9905348750721054
temporal,XGBoost,7,5084,0.8162512184536134,0.44990046449900467,0.11038746323236537,0.030839800367356774,0.3540019179016175,-0.22519380339860215,1.039769655845872
temporal,XGBoost,8,5084,0.8075304346588685,0.44842173771558735,0.11207961686996455,0.01478019904078192,0.3578147970690412,-0.1496688068906508,0.9786605039037953
temporal,XGBoost,9,5084,0.8081320839292194,0.46586910626319494,0.11250894322413794,0.016873780481390467,0.35845361293445666,-0.14706151544620683,1.0002972397102126
