method,subgroup_variable,subgroup_level,n,positive_n,auc,f1,brier,ece,log_loss,calibration_intercept,calibration_slope
BRL,sex,1.0,2495,435,0.6200965294052003,0.29743589743589743,0.14361161696789246,0.019822248545645543,0.46137500270986564,13.774486754312228,9.051831141232666
BRL,sex,2.0,2589,390,0.6021787292592204,0.26200873362445415,0.12738879676251083,0.0038296505169497508,0.42169722519021097,12.798789692698595,8.574241776497884
EBM,sex,1.0,2495,435,0.8514250641669456,0.4928615766604593,0.10773794125216857,0.032390061497876294,0.3432687232306399,-0.05646817879074821,1.2194990138588806
EBM,sex,2.0,2589,390,0.8163815720432365,0.43724137931034485,0.10524692029799315,0.030231779225357705,0.3395734522834521,-0.2873353506694499,0.9886121169647474
EBRO-MH,sex,1.0,2495,435,0.784117843990626,0.4232456140350877,0.12341266517636182,0.031195709925248595,0.3953230646293264,0.3144448946804013,1.3496318428571377
EBRO-MH,sex,2.0,2589,390,0.7787426685789578,0.41937624419376246,0.11260222045054986,0.032898768890176434,0.3666229765825867,0.3482157494712156,1.2792191515829459
LR,sex,1.0,2495,435,0.8311338020310233,0.49032258064516127,0.11336929149567995,0.018652572688526065,0.35835577145702646,-0.019753607381201955,1.1245812074757982
LR,sex,2.0,2589,390,0.7871083592775271,0.42332613390928725,0.10988393113104107,0.01847523338671712,0.3549244002676094,-0.2565493551622207,0.9122949787472546
Random Forest,sex,1.0,2495,435,0.8324528512442809,0.4796044499381953,0.11268127164110767,0.03143701408857942,0.35980957481139986,-0.1344511930909851,1.1294237140339183
Random Forest,sex,2.0,2589,390,0.8114107811242872,0.429042904290429,0.10748978261019058,0.027867222009715288,0.3443541288259559,-0.1949682906345353,1.0441114705193222
RuleFit,sex,1.0,2495,435,0.8325298515790648,0.49429147078576224,0.11249295873637688,0.020981354244905135,0.35532055955431396,-0.04271003305397649,1.1176686079387879
RuleFit,sex,2.0,2589,390,0.7987640069495459,0.43543543543543545,0.10778900167762434,0.017598333178235604,0.34837269224450246,-0.15352302738578627,1.0001537265525413
XGBoost,sex,1.0,2495,435,0.8401361455194732,0.478180700676091,0.10979544764319606,0.03575451071047075,0.35237530960145413,0.0009873162003839985,1.2178086890794428
XGBoost,sex,2.0,2589,390,0.8077506092512914,0.42408376963350786,0.1066024121354021,0.02923310922797385,0.34403676735933536,-0.19332513159593487,1.058027190751647
BRL,age_group,20-39,1634,41,0.6070231041293463,0.04910179640718563,0.040783013625835404,0.128056666029432,0.2087383610410648,10.388046651950095,8.252827101304126
BRL,age_group,40-59,1727,245,0.622695474951114,0.24873096446700507,0.12130081736091779,0.012828444017334156,0.4066795755533189,13.448141385250779,9.012903314827884
BRL,age_group,60-79,1723,539,0.5697425161710876,0.4765694076038904,0.23911469721770875,0.1572494834840573,0.6961640388026055,8.419781867805197,5.446953229110283
EBM,age_group,20-39,1634,41,0.7155849524596941,0.14583333333333334,0.02441365203651878,0.019390470948799858,0.11326643592143103,-0.8378274670891921,0.9182120360007483
EBM,age_group,40-59,1727,245,0.76565038971054,0.3798767967145791,0.10719345754521671,0.038016300587835665,0.35545909132782083,-0.26758682083107477,1.045520602050896
EBM,age_group,60-79,1723,539,0.7388635736850022,0.5243596182822702,0.18356090044538825,0.03477661148021384,0.5436192254228318,-0.13819668016569253,1.0608832770774252
EBRO-MH,age_group,20-39,1634,41,0.6882703290309738,0.10289389067524116,0.031163176117588932,0.07674210548198937,0.156625172772036,-1.135262285768742,1.199519312496052
EBRO-MH,age_group,40-59,1727,245,0.7366506926657301,0.35765124555160144,0.11174552310974983,0.03290001979186495,0.37084853227748654,-0.03452979397073339,1.1733781636251395
EBRO-MH,age_group,60-79,1723,539,0.6643496464925036,0.5116033755274262,0.20634741739687643,0.07695096701503548,0.6030974956876147,0.206158266548556,0.829333870479217
LR,age_group,20-39,1634,41,0.7151715584952458,0.17699115044247787,0.024858724487114448,0.029275446282174857,0.11674563238513012,-0.9537103970026549,0.9570778731149177
LR,age_group,40-59,1727,245,0.7313448456305599,0.3839611178614824,0.11072600680363143,0.01358070376074402,0.3676205733331802,-0.19227588187633723,0.9207986666775159
LR,age_group,60-79,1723,539,0.6891374793160506,0.5052421367948078,0.1947202033767675,0.02138406730227499,0.573043429259673,-0.17980984914012965,0.837494483912993
Random Forest,age_group,20-39,1634,41,0.7284920306830186,0.14184397163120568,0.025700218655317037,0.03351338262428078,0.12151654487426077,-1.1637890540476061,0.8902242765387091
Random Forest,age_group,40-59,1727,245,0.7537277259081772,0.3665024630541872,0.1085262047630661,0.027334670387424913,0.3604114279178768,-0.17046483384086725,1.0401981405177398
Random Forest,age_group,60-79,1723,539,0.7125730206087348,0.5230146686899343,0.19153331805788967,0.030896782503751746,0.5619670100673981,-0.18569066773233264,0.9286320617047248
RuleFit,age_group,20-39,1634,41,0.7301685728721694,0.15873015873015872,0.024065128322498384,0.021552656005453218,0.11347750841220554,0.40906564464490747,1.3741830115007518
RuleFit,age_group,40-59,1727,245,0.7356922526095458,0.37184594953519257,0.11010430195723195,0.019746675776016527,0.36448765442566744,0.01764454744288191,1.028132933977906
RuleFit,age_group,60-79,1723,539,0.7068990372561801,0.5117206982543641,0.1916791109875379,0.032276033483531884,0.5650431041035163,-0.1642375933281071,0.9880325380845019
XGBoost,age_group,20-39,1634,41,0.7139466874894739,0.14659685863874344,0.02721559466096438,0.04039538471097868,0.12722454349286946,-1.380921481250797,0.8558958585512654
XGBoost,age_group,40-59,1727,245,0.7494147456553472,0.3659491193737769,0.1098077864720427,0.03425406910202183,0.36299833331441544,-0.3274910821709338,0.9635031235950046
XGBoost,age_group,60-79,1723,539,0.7342911673268817,0.5272914521112255,0.18329945326471075,0.02263110534548926,0.5427188406544418,-0.025034461057165953,1.0372204879883296
BRL,race_ethnicity,1.0,705,137,0.5515382440629176,0.3254156769596199,0.15761199196720285,0.037676046756968534,0.49611450237870314,6.3001544696412815,4.593817311473616
BRL,race_ethnicity,2.0,494,79,0.5504346499923746,0.2757417102966841,0.13403059072440995,0.0029863873528482854,0.43835745078959504,6.701394158776569,4.980859870337317
BRL,race_ethnicity,3.0,1630,241,0.6572282516153894,0.25858369098712447,0.1253694171168518,0.004119107751042433,0.41655619784957687,25.66781366018324,16.013870336272216
BRL,race_ethnicity,4.0,1216,196,0.5925195078031213,0.2776203966005666,0.13464658433695645,0.006290223506937781,0.43953194968590575,11.70533245065977,7.895548151083515
BRL,race_ethnicity,6.0,777,122,0.6386997872606682,0.271412680756396,0.13154473796775304,0.0019003388830519663,0.4315608427844813,15.052473812341564,9.918516310342975
BRL,race_ethnicity,7.0,262,50,0.6571698113207547,0.32051282051282054,0.15458150817993951,0.03470735555215379,0.4878443311263804,19.022042102864877,12.186191311480064
EBM,race_ethnicity,1.0,705,137,0.8218232754189371,0.5,0.1194284286761766,0.0239182728947361,0.3799628823802586,-0.041120268668545575,1.0603863615063778
EBM,race_ethnicity,2.0,494,79,0.8202684154338874,0.4437299035369775,0.11241978982160211,0.040756533055814094,0.354704022451556,-0.32469712496376096,1.0193881403809344
EBM,race_ethnicity,3.0,1630,241,0.855097401336524,0.4553191489361702,0.09571920873592121,0.04958757593759728,0.31367879653862046,-0.2359136753044738,1.2193226934228547
EBM,race_ethnicity,4.0,1216,196,0.8200855342136855,0.4282238442822384,0.11334480954545413,0.053060964244399995,0.35927383687774883,-0.39272502286762995,1.0547565412852675
EBM,race_ethnicity,6.0,777,122,0.8497434613940683,0.5080213903743316,0.10028216370335179,0.029387639042172044,0.32338511885408344,0.545874223623297,1.268084081580795
EBM,race_ethnicity,7.0,262,50,0.8567924528301887,0.5844155844155844,0.1136991673387818,0.08226061935517441,0.3552284423749483,0.2215065391407319,1.1401368821872109
EBRO-MH,race_ethnicity,1.0,705,137,0.7683702580446181,0.4550898203592814,0.13609053494115814,0.03893368374462442,0.4265456421352607,0.4086389348307122,1.237107452535536
EBRO-MH,race_ethnicity,2.0,494,79,0.7306542626201006,0.3746397694524496,0.1227618435288725,0.03002469629080671,0.39717345644248486,-0.16557029653796337,1.0292169817554941
EBRO-MH,race_ethnicity,3.0,1630,241,0.8094706780304048,0.40187793427230045,0.10547793108013725,0.03817350078102942,0.3491057485270655,0.2814008281776964,1.439037842885253
EBRO-MH,race_ethnicity,4.0,1216,196,0.7698129251700682,0.4167664670658683,0.12096042568028006,0.03328378094078613,0.3881065179868353,0.22281235724577947,1.2668905639177208
EBRO-MH,race_ethnicity,6.0,777,122,0.7840508071580529,0.44607843137254904,0.11666034136608194,0.05221868532632403,0.3771108442736262,1.038837084095341,1.5368202851443773
EBRO-MH,race_ethnicity,7.0,262,50,0.8226415094339623,0.5028571428571429,0.1266854198298737,0.05009957572897268,0.39925399031612196,0.9395934808710212,1.591833858448662
LR,race_ethnicity,1.0,705,137,0.8098720057571709,0.5152224824355972,0.12669808424240403,0.032219802781584796,0.394577994820997,0.22344913271324654,1.0641232513795722
LR,race_ethnicity,2.0,494,79,0.8017538508464237,0.4482758620689655,0.11350321526683796,0.0381397587591161,0.36446158347988644,-0.2746805269090814,0.938069255403061
LR,race_ethnicity,3.0,1630,241,0.8322773182294793,0.4269889224572004,0.10139558437467493,0.05472540493069655,0.332516396378352,-0.36815599372858454,1.128282394072701
LR,race_ethnicity,4.0,1216,196,0.7958108243297319,0.42702702702702705,0.11524560244231855,0.02666163666004042,0.3665968073557082,-0.2112401809832464,0.9834791860626725
LR,race_ethnicity,6.0,777,122,0.8297960205230884,0.5263157894736842,0.10941656784552459,0.03435631102974982,0.3466364942159865,0.5505091431938767,1.1644812573021013
LR,race_ethnicity,7.0,262,50,0.8406603773584906,0.5306122448979592,0.12031684706382435,0.05102843476567096,0.3727305864243443,0.3594072231755499,1.1163925558619738
Random Forest,race_ethnicity,1.0,705,137,0.8213606456255784,0.4936708860759494,0.12224977371888647,0.031165154489111693,0.38569202475359704,0.04685360227021757,1.1097058123385497
Random Forest,race_ethnicity,2.0,494,79,0.8063596156779015,0.44936708860759494,0.11506356020000608,0.03728293932087943,0.36256860589582307,-0.26587156928092687,1.040039401523455
Random Forest,race_ethnicity,3.0,1630,241,0.8436320944946811,0.43636363636363634,0.10004552237977504,0.05030286495759551,0.3266860952249069,-0.2936928148058021,1.1790199185459203
Random Forest,race_ethnicity,4.0,1216,196,0.8002225890356142,0.423500611995104,0.11676452648945784,0.05158568070109422,0.37108299328934,-0.33432548798133443,1.0385649166888151
Random Forest,race_ethnicity,6.0,777,122,0.8363283694155925,0.49732620320855614,0.10586864809198632,0.037816942090555465,0.3374659199629164,0.28771465070238844,1.0987235830679558
Random Forest,race_ethnicity,7.0,262,50,0.8604716981132075,0.5308641975308642,0.11100582234367047,0.04061667592553238,0.35225070631067956,0.5597662243774946,1.4364072840137296
RuleFit,race_ethnicity,1.0,705,137,0.8107394366197183,0.5170731707317073,0.12372965449349813,0.026575725193144266,0.39067645878979723,0.2079158325266061,1.060933687250019
RuleFit,race_ethnicity,2.0,494,79,0.8073051700472778,0.4482758620689655,0.11297025454162797,0.04389766930558507,0.35897528461315514,-0.26805014601945215,0.9795483173354805
RuleFit,race_ethnicity,3.0,1630,241,0.8385297640919017,0.43803418803418803,0.09950514623331959,0.05064218572549294,0.32679614143242186,-0.27519980045336834,1.1874337832491504
RuleFit,race_ethnicity,4.0,1216,196,0.7984018607442978,0.42934782608695654,0.11612465400814315,0.032356686465669436,0.36625434600230733,-0.24670812617729568,1.0156115921600846
RuleFit,race_ethnicity,6.0,777,122,0.841746965336003,0.5286624203821656,0.10519357369083168,0.037045358037534476,0.3357144778149679,0.7378039039236014,1.2670402489018318
RuleFit,race_ethnicity,7.0,262,50,0.8568867924528302,0.6074074074074074,0.12046782762274881,0.058625982922173296,0.36949564018107334,0.4339451125316367,1.1656364710514144
XGBoost,race_ethnicity,1.0,705,137,0.8112213426544669,0.4957983193277311,0.12282923768026889,0.03027572188278569,0.3899832126912027,0.027800281468209627,1.1004993770225924
XGBoost,race_ethnicity,2.0,494,79,0.8079457068781456,0.4472843450479233,0.11371895236538833,0.046341912041014365,0.36008727379730965,-0.24250468672558048,1.0507563453382645
XGBoost,race_ethnicity,3.0,1630,241,0.8464700417327611,0.44421272158498437,0.09651158020391912,0.0340712559705146,0.3168286562012241,-0.06586490875271563,1.2279691581538537
XGBoost,race_ethnicity,4.0,1216,196,0.8063800520208083,0.41183431952662725,0.11507362817351252,0.053440264371013305,0.3667623317105053,-0.3222630871673155,1.1162955511789023
XGBoost,race_ethnicity,6.0,777,122,0.831109998748592,0.4897959183673469,0.1025598412100461,0.01861879451212755,0.3331693536911224,0.2754256665824482,1.1937928386544958
XGBoost,race_ethnicity,7.0,262,50,0.8428301886792453,0.49411764705882355,0.1153782734490596,0.03689683459120565,0.36557258457941444,0.2665541257270387,1.2009108901386931
