dataset,variant,repeat,fold,training_time_seconds,rule_count,average_condition_length,auc,f1,brier,ece,log_loss,calibration_intercept,calibration_slope
nhanes_dm,Quantile clinical,0,1,3.0165886869999667,20,1.75,0.7516442739345405,0.38190954773869346,0.1190265577279203,0.024313718970893423,0.38448830804062467,0.07169335631647589,1.0672262584346413
nhanes_dm,Outcome-blind random,0,1,1.7795610369994392,20,1.95,0.526083823538218,0.24390243902439024,0.13270668264708574,0.00024677802916139857,0.4354420014002083,1.6166052512372784,1.9673049845009
nhanes_dm,Quantile clinical,0,2,2.5136861769997267,20,1.7,0.732885917432246,0.3978494623655914,0.12040652078591962,0.015261684050129457,0.39058056088466253,0.213612568761988,1.148057173550101
nhanes_dm,Outcome-blind random,0,2,1.6655008309999175,20,1.6,0.5187648086076388,0.2553191489361702,0.132881764048075,0.002854012842293539,0.43599915303425013,-0.9105544471243637,0.45524836743871233
nhanes_dm,Quantile clinical,0,3,5.48343536899938,20,1.8,0.7341160365800691,0.35902536051715567,0.12011848915781984,0.01548795092885863,0.3901690163126583,0.07896202647969003,1.0607058927823154
nhanes_dm,Outcome-blind random,0,3,2.418229971999608,20,1.4,0.7043370686220769,0.35611510791366907,0.12258933542551152,0.012450324503038646,0.3989372581088367,-0.1894641921532761,0.8865157884060123
nhanes_dm,Quantile clinical,0,4,4.994780803999674,20,1.75,0.7548151949486219,0.41289198606271776,0.11813934109268784,0.018160519790003014,0.3821731017754071,0.14257377885659792,1.1232027752848517
nhanes_dm,Outcome-blind random,0,4,2.078390689999651,20,1.7,0.5301916274528633,0.23655913978494625,0.13250544968378158,0.0006752606057289501,0.4349643401895673,-0.4408460052374236,0.7398747539049613
nhanes_dm,Quantile clinical,0,5,3.2255351869998776,20,1.65,0.6925582805147411,0.34895191122071517,0.12478873753256178,0.022659053220297008,0.4063203559332349,-0.109887555731282,0.9273157613628747
nhanes_dm,Outcome-blind random,0,5,2.1501942750001035,20,1.5,0.5801627172764813,0.2866161616161616,0.1310437166430855,0.006340874059374137,0.42972962285511856,0.5081233218936088,1.3014087944377162
nhanes_dm,Quantile clinical,1,1,3.141322084999956,20,1.65,0.7639346601966942,0.4216290212183436,0.11745680503890785,0.022682881203233432,0.3783309958652011,0.15579309112753462,1.1184349387506398
nhanes_dm,Outcome-blind random,1,1,2.0272470490008345,20,1.3,0.4983956477391358,0.2508591065292096,0.1329101750650598,0.00019491796825132912,0.4362294266897778,-2.374070030011273,-0.41640172750908006
nhanes_dm,Quantile clinical,1,2,3.2045432020004228,20,1.95,0.7581188362992983,0.3965616045845272,0.11813448591851743,0.028014041126028486,0.382207580709288,-0.012092253007101223,0.9759052217384822
nhanes_dm,Outcome-blind random,1,2,2.007724407999376,20,1.75,0.5398011440507464,0.1997874601487779,0.13249071205747176,0.0005817281996478602,0.43453364125341387,0.900709224369227,1.5399872455319865
nhanes_dm,Quantile clinical,1,3,3.152013239000553,20,1.8,0.7887609844547686,0.4511691884456671,0.11443392983636352,0.03970250000208398,0.3680446042797692,0.028817159020374426,1.0145358225905463
nhanes_dm,Outcome-blind random,1,3,2.105356830999881,20,1.55,0.6044468008415134,0.28825136612021857,0.13077572150106695,0.01838550760816795,0.42700259759743137,-0.21601791597892434,0.8716241271921392
nhanes_dm,Quantile clinical,1,4,3.2221256869997887,20,1.75,0.7634447325458561,0.42150170648464164,0.11648662018230001,0.020075759835521952,0.3767526900788259,0.17371593038143815,1.101056995477687
nhanes_dm,Outcome-blind random,1,4,2.0085139849998086,20,1.85,0.5327415250168059,0.2571041948579161,0.1323109194858025,0.0001913326936307802,0.4342407785050426,1.1500381398996047,1.6852297235709308
nhanes_dm,Quantile clinical,1,5,2.854175044999465,20,1.75,0.7402605717212458,0.3567193675889328,0.1176183515583328,0.016828174301660954,0.3844680484543426,-0.20276523670785526,0.9193566527723384
nhanes_dm,Outcome-blind random,1,5,1.9176776590002191,20,1.5,0.539043743397676,0.2836700336700337,0.13236293930133,0.00022183857916940886,0.434398517644988,1.6735323890882499,2.00078498833211
nhanes_dm,Quantile clinical,2,1,3.049644011000055,20,1.75,0.7245025260439019,0.3971631205673759,0.1203863528598798,0.009683972329519988,0.39217206053778153,-0.14927692661225714,0.9083677742823003
nhanes_dm,Outcome-blind random,2,1,1.9268152779995944,20,1.7,0.5985152131517962,0.27598896044158233,0.13070754988910988,0.007990562668808822,0.4282656424371816,-0.04389836150487081,0.9717519243677736
nhanes_dm,Quantile clinical,2,2,2.767092696999498,20,1.9,0.658625461669108,0.36502347417840375,0.1261539899550911,0.011026892540530029,0.41330929075385736,0.20870724326711457,1.122141205199276
nhanes_dm,Outcome-blind random,2,2,1.869788895000056,20,1.7,0.6184558809580152,0.313953488372093,0.129042125386965,0.013285205150988357,0.42387581517039763,-0.3360363641769946,0.7981746011995603
nhanes_dm,Quantile clinical,2,3,3.039319995000369,20,1.8,0.7543660742724374,0.40153256704980844,0.11721541410447503,0.015287404070774158,0.38093071424427927,-0.13893866216544146,0.9080860535524479
nhanes_dm,Outcome-blind random,2,3,1.8911755990002348,20,1.35,0.5317160062264797,0.263724434876211,0.13266417218670218,0.0028803084725246416,0.4352817837194462,-0.4398475948058205,0.7392666293335913
nhanes_dm,Quantile clinical,2,4,2.236613545000182,20,1.65,0.7669319600499376,0.40946745562130177,0.11581441833725514,0.02384393477148433,0.37418986937333476,0.09003656139056802,1.079643554572496
nhanes_dm,Outcome-blind random,2,4,1.598084048999226,20,1.65,0.5332311973814783,0.2479740680713128,0.1323094663349551,0.0005629512188660424,0.43423548967783365,2.505875369450425,2.5021893430342743
nhanes_dm,Quantile clinical,2,5,2.8706093979999423,20,1.85,0.7580993509715419,0.4083898827884022,0.11375032674614094,0.01624740896232725,0.3737684436823013,0.1472504360079318,1.0897953367463702
nhanes_dm,Outcome-blind random,2,5,1.7500445069999842,20,1.4,0.5618082565062903,0.2815934065934066,0.13172068245333496,0.005334581484984028,0.43197642083755894,-0.06690234361632533,0.959257219602968
nhanes_dm,Quantile clinical,3,1,3.0516941610003414,20,1.95,0.747509885604444,0.4227005870841487,0.11606642522977102,0.021652301348948216,0.3809390470080848,0.23330308838315367,1.1785252108563926
nhanes_dm,Outcome-blind random,3,1,1.9189240109999446,20,1.7,0.5377264806449745,0.13015873015873017,0.1324977026699492,0.005053249590347022,0.4348835844459179,-0.534022414585081,0.6766641053133936
nhanes_dm,Quantile clinical,3,2,3.062306910999723,20,1.8,0.7635140869610364,0.4222520107238606,0.11502656860519336,0.017763891718564583,0.3748918672381961,0.2285004691147287,1.1159005631052243
nhanes_dm,Outcome-blind random,3,2,2.910389953000049,20,1.8,0.45754591230009317,0.2655715263518138,0.13284498432211736,2.961709961871173e-05,0.43590443894127845,-0.440467593263239,0.7370330474760919
nhanes_dm,Quantile clinical,3,3,2.8270499769996604,20,1.55,0.7330212105690399,0.3821892393320965,0.12026366234309577,0.011553192222073953,0.389465934258919,0.14673475644204695,1.0932474288385454
nhanes_dm,Outcome-blind random,3,3,1.7670772070005114,20,1.55,0.5217702133437974,0.27255848496101004,0.13264379020668887,0.0007909123242838408,0.4351507303085459,-0.43952064875876967,0.7401029819493071
nhanes_dm,Quantile clinical,3,4,2.82833170899994,20,1.85,0.6817039597938475,0.3306122448979592,0.12428748035838787,0.012602907886303498,0.406812645366244,-0.23784820609227328,0.8841702095787967
nhanes_dm,Outcome-blind random,3,4,1.7377238109993414,20,1.8,0.5127629925733859,0.26956972524624156,0.13259270601264328,0.0006840421770254268,0.4352395573037647,-0.8893146070306605,0.4710207025932614
nhanes_dm,Quantile clinical,3,5,2.534148978000303,20,1.9,0.7250512180287461,0.38698328935795956,0.11896261959827767,0.013132807331811531,0.38963356880899463,-0.014697690384375114,0.9838599817697125
nhanes_dm,Outcome-blind random,3,5,1.9333943089995955,20,2.1,0.5752900020807323,0.2796915167095116,0.1311157185554855,0.007339339359011449,0.4298404600893341,0.5542127924665146,1.3389729249513724
nhanes_dm,Quantile clinical,4,1,4.917998515999898,20,1.85,0.7258274265890323,0.39436619718309857,0.11927417512102723,0.012971444637071798,0.3903868455179178,0.016806994452072493,1.0089165756112253
nhanes_dm,Outcome-blind random,4,1,1.8437480530001267,20,1.6,0.5566792952227729,0.2844294547498595,0.13223992558108613,0.00040359954029236205,0.43357162763035606,0.38985988686727874,1.2361450562603178
nhanes_dm,Quantile clinical,4,2,2.2342234630004896,20,1.85,0.756119892684086,0.42907058001397624,0.11626469513433822,0.019432576229008576,0.3799300275302952,0.38304780823112083,1.2432497901897686
nhanes_dm,Outcome-blind random,4,2,1.6221677800003818,20,1.9,0.6123297478155899,0.3065326633165829,0.13038871145225162,0.008709244071352706,0.42641359602788825,0.49131257057706373,1.3049210822095265
nhanes_dm,Quantile clinical,4,3,2.6655850839997584,20,1.75,0.7338559342764912,0.37840616966580976,0.12012952114974643,0.027966798876756967,0.39109250238062554,0.19406129211277018,1.1478812862139882
nhanes_dm,Outcome-blind random,4,3,1.6617948749999414,20,1.55,0.647748592402217,0.31922723091076355,0.12814832436590629,0.011403296894428903,0.41831411533664137,0.3545836101126391,1.2186148752217136
nhanes_dm,Quantile clinical,4,4,6.826612406000095,20,1.8,0.742950518582541,0.401920438957476,0.11893172840409712,0.022823920090847685,0.3875726505674559,0.43194507332097754,1.2738568169654723
nhanes_dm,Outcome-blind random,4,4,1.8831172809996133,20,1.75,0.5851149604660841,0.28454332552693207,0.1310522660705841,0.012830654321780722,0.4295406525762144,-0.35220636759244184,0.7829932498917492
nhanes_dm,Quantile clinical,4,5,3.030344333999892,20,1.8,0.703145007042479,0.3661417322834646,0.12318620649353508,0.01260148839259649,0.4002637249436514,-0.07964488039661258,0.9755120199077667
nhanes_dm,Outcome-blind random,4,5,1.7994517559991436,20,2.0,0.5251618569736547,0.19696969696969696,0.132461667582943,0.0013450882539681186,0.434867245342538,-0.4421370589030319,0.740810177705064
nhanes_dm,Quantile clinical,5,1,3.78581619400029,20,1.85,0.7286468947924173,0.40971168437025796,0.1202679371310421,0.020870066701669486,0.3920983917296703,-0.17998599444103655,0.8611675848522332
nhanes_dm,Outcome-blind random,5,1,1.810738814000615,20,1.6,0.5770947401198847,0.29451137884872824,0.131491663876017,0.010535924493885693,0.4311969809031195,1.356873056248914,1.8171891884978393
nhanes_dm,Quantile clinical,5,2,3.021397270000307,20,1.85,0.7494615732544939,0.4074534161490683,0.12034561175666429,0.03155068275965805,0.3887316954156293,-0.04249670386749959,0.9873753463157043
nhanes_dm,Outcome-blind random,5,2,3.6451731339993785,20,1.45,0.4743901574492601,0.1709706144256456,0.13317112285011876,7.512680279264661e-06,0.43715798140379186,-3.3035091483754817,-0.9689664985239088
nhanes_dm,Quantile clinical,5,3,6.608641136999722,20,1.9,0.7196811075865002,0.37103448275862067,0.12226097157055332,0.024417598452743175,0.3977045604377411,-0.22002186347032138,0.8518817422642769
nhanes_dm,Outcome-blind random,5,3,1.9886959229997956,20,1.6,0.6594427120932095,0.3335423197492163,0.12797259487469842,0.017526597630919436,0.416569998873926,-0.13611290799615108,0.8978003793604543
nhanes_dm,Quantile clinical,5,4,8.71252283100057,20,1.8,0.6984898684336887,0.34700665188470065,0.12307059989321051,0.010413835511259111,0.4020233795995648,0.06700085686852464,1.063605456706048
nhanes_dm,Outcome-blind random,5,4,2.9596704030000183,20,2.05,0.5015235362847722,0.06934306569343066,0.13256675474037355,0.00045968922909564447,0.4351854298307205,-0.4411303547013065,0.7389299422234346
nhanes_dm,Quantile clinical,5,5,3.948228078000284,20,1.7,0.7575086430423509,0.40714285714285714,0.11727579747187639,0.013860466999458762,0.37942356092099455,0.0012734583836862459,1.0047726371315366
nhanes_dm,Outcome-blind random,5,5,1.7606687040006364,20,1.85,0.5900777073529884,0.2942162615255658,0.13061046738922835,0.00375141788687433,0.427911256167413,0.3040583761507328,1.1804109278165014
nhanes_dm,Quantile clinical,6,1,3.0580772610001077,20,1.7,0.7345582966220277,0.3905044510385757,0.1198740688198044,0.016835773936838935,0.3910854425204799,0.37667400703730997,1.2695730803314105
nhanes_dm,Outcome-blind random,6,1,1.9987221169994882,20,1.2,0.6203219283765252,0.32847990681421085,0.12980217784464074,0.009608222103659742,0.4240439463235652,0.548607345266625,1.3403233761504012
nhanes_dm,Quantile clinical,6,2,3.3905649969992737,20,1.75,0.7421257896675981,0.40087783467446964,0.12008250992550773,0.024611568229190844,0.3878469282556878,-0.09681015974919747,0.9019545039640149
nhanes_dm,Outcome-blind random,6,2,2.7148978149998584,20,1.5,0.5522546027124526,0.28463476070528965,0.1320459274855756,0.009917132915074487,0.43304106551859806,0.2639048191525016,1.150530042451774
nhanes_dm,Quantile clinical,6,3,8.658900450999681,20,1.85,0.7413135316101681,0.39775561097256856,0.120587349609837,0.016800591895812348,0.3882949635063563,-0.16910164646598017,0.8899808258440486
nhanes_dm,Outcome-blind random,6,3,3.7462560579997444,20,1.7,0.6675842636608625,0.3449296817172465,0.12707465202926768,0.009550251376804608,0.41382901093221486,0.11022569520453115,1.075595990935048
nhanes_dm,Quantile clinical,6,4,3.1609187889998793,20,1.8,0.7743780810845418,0.4202626641651032,0.11442230639781491,0.02357133317491636,0.37281965541935425,0.27636226733819896,1.2274144132056113
nhanes_dm,Outcome-blind random,6,4,2.0243211739998515,20,1.55,0.5696695236723326,0.27091136079900124,0.13156741730017024,0.0029947548462305696,0.43115944052371075,0.5486965126760285,1.345452347412943
nhanes_dm,Quantile clinical,6,5,2.893539243000305,20,1.8,0.7429295111879382,0.37416020671834627,0.11906753379974096,0.022877865661133343,0.38575451943862643,-0.024683585637039727,1.0032985876909584
nhanes_dm,Outcome-blind random,6,5,1.7446399190002921,20,1.45,0.6591620250328115,0.3337066069428891,0.12689557307623028,0.005202157581339663,0.41371853290629473,0.07805825113736903,1.0685351838352528
nhanes_dm,Quantile clinical,7,1,2.369583256000624,20,1.95,0.7127505833554567,0.39021249195106245,0.11880331023430983,0.006902244080598675,0.39197905112473125,-0.08413121823661367,0.9530118562166404
nhanes_dm,Outcome-blind random,7,1,1.5327400070000294,20,1.55,0.5339962992608502,0.10069444444444445,0.13253610714065966,0.0002647227432752301,0.4348034805357001,0.10292192763448964,1.0626212205932248
nhanes_dm,Quantile clinical,7,2,3.3694152890002442,20,1.85,0.7280917477177395,0.3817733990147783,0.12260152384964326,0.029427675596781364,0.3962423960693323,-0.20307170062386884,0.8776628503947249
nhanes_dm,Outcome-blind random,7,2,1.9330474030002733,20,1.65,0.5122218128481553,0.2191592005513439,0.13284051923056175,0.00011033085445519286,0.4358811558315279,-0.9426141736695043,0.43676446110429795
nhanes_dm,Quantile clinical,7,3,2.8397464160007075,20,1.9,0.7203296160171099,0.38974358974358975,0.12013900679976655,0.0240808544340175,0.39369926254641724,0.110971506982808,1.0510212114322635
nhanes_dm,Outcome-blind random,7,3,1.797420756000065,20,1.75,0.6001943029108493,0.2889079965606191,0.13106544656022073,0.006605774527268579,0.42867436506724127,-0.3661700400054854,0.7704354721972844
nhanes_dm,Quantile clinical,7,4,3.078161022000131,20,1.8,0.7320161696917317,0.37361477572559365,0.12143640099177096,0.02574395102107616,0.39294438741937093,0.03473856971551723,1.0482273916506264
nhanes_dm,Outcome-blind random,7,4,1.8936750839993692,20,1.8,0.6010035532507443,0.2939453125,0.1303474871974052,0.004712809054313835,0.42675910924277577,0.16650957915027223,1.0998871491118012
nhanes_dm,Quantile clinical,7,5,2.879636800999833,20,1.8,0.7139263020583246,0.38740157480314963,0.12141268071537414,0.01436940545239861,0.3962639274606644,-0.11339115733154187,0.8954410682578805
nhanes_dm,Outcome-blind random,7,5,1.8156092389999685,20,1.4,0.5478248343416883,0.2821279139270771,0.1328108053602927,0.017210625427484458,0.43577661429277664,-0.9013773289057038,0.4603167355371071
nhanes_dm,Quantile clinical,8,1,2.9142806429999837,20,1.85,0.718638531201782,0.3801749271137026,0.12264434468467585,0.028871633105550628,0.39784810575590557,0.015134323638149667,1.0279404501106881
nhanes_dm,Outcome-blind random,8,1,1.8233896820001974,20,1.75,0.637175361939874,0.32582099162910494,0.12840627969016855,0.007331726505265522,0.4205481553868425,0.021120749569849443,1.008368927572926
nhanes_dm,Quantile clinical,8,2,2.8347802970001794,20,1.8,0.7457906860410433,0.37342727730246605,0.11842768893863623,0.02192717368027447,0.38551238675374994,0.08057666819451599,1.041199436228371
nhanes_dm,Outcome-blind random,8,2,1.816087135000089,20,1.85,0.5405025715680725,0.27749708511465215,0.1325128622408388,0.0009349658303959485,0.43459267128645307,0.5896607187159312,1.352484669518354
nhanes_dm,Quantile clinical,8,3,2.3616325319999305,20,1.75,0.6636757397938552,0.3342036553524804,0.1246308570458232,0.014708149314090906,0.409471956697912,-0.17793786893192048,0.908515862509415
nhanes_dm,Outcome-blind random,8,3,1.6429629639997074,20,1.75,0.5650450461244757,0.2600216684723727,0.132117093909495,0.014892381753972103,0.43387506711556195,-0.6751443502107511,0.6000510451078085
nhanes_dm,Quantile clinical,8,4,3.7449271779996707,20,1.8,0.7106646539581933,0.38794435857805254,0.12424040106379884,0.028808886660159006,0.4010687822977511,-0.1472809784142683,0.907638290504866
nhanes_dm,Outcome-blind random,8,4,1.8246024449999823,20,1.5,0.5314820816927559,0.2506631299734748,0.13248217886862357,0.0022401052321511135,0.43490126967434395,-0.43896598626385264,0.7384513297026584
nhanes_dm,Quantile clinical,8,5,2.937116588999743,20,1.8,0.7601010555715613,0.39882005899705014,0.11405208313139323,0.012607437762669328,0.3736673272934874,0.05700514594838549,1.042551577752929
nhanes_dm,Outcome-blind random,8,5,3.3267805089999456,20,1.7,0.593539425877909,0.3027581783194355,0.13091243746453737,0.0012532744209700752,0.42904044973901106,0.15611716612838486,1.0918286588871076
nhanes_dm,Quantile clinical,9,1,2.4939650220003386,20,1.95,0.724947652705392,0.3890518084066471,0.12096764964308068,0.02157559148934709,0.3946088273881661,0.2203346365669008,1.1413366139026726
nhanes_dm,Outcome-blind random,9,1,1.6597255340002448,20,1.7,0.5955300700026547,0.3011325782811459,0.13125031114907332,0.004281200074186078,0.43003467521908195,0.9494853351937059,1.5742561696951705
nhanes_dm,Quantile clinical,9,2,2.9336860580006032,20,1.8,0.7391862841715017,0.41605839416058393,0.11735734797776216,0.011987153444684803,0.38423908600523626,-0.02681589245016523,0.9874933120874457
nhanes_dm,Outcome-blind random,9,2,2.1613030179996713,20,1.7,0.5541432150242279,0.28104286345558993,0.13240310395457283,0.009983020532161884,0.4343082976081413,-0.6541701608023663,0.6079810488363664
nhanes_dm,Quantile clinical,9,3,2.97635591100061,20,1.6,0.7468710341887254,0.41496118560338746,0.11703209620323045,0.01434759799489956,0.38230923461329,0.16464547730124046,1.0948175886251317
nhanes_dm,Outcome-blind random,9,3,1.942769428000247,20,1.65,0.551679482071912,0.2695035460992908,0.13230341368353118,0.0020116262885781725,0.4339446522972723,-0.22329394961136692,0.8688718757488408
nhanes_dm,Quantile clinical,9,4,2.4562904659997002,20,1.8,0.7281603124299754,0.3702816057519473,0.11970349768760538,0.010434128770296954,0.3895160390686262,0.0595973439152859,1.0196419813865618
nhanes_dm,Outcome-blind random,9,4,1.5907313549996616,20,2.0,0.5405677798585102,0.26449787835926447,0.132044031255626,0.00536033515812415,0.4336536952123827,-0.43564277800111245,0.7423135754314595
nhanes_dm,Quantile clinical,9,5,2.912556147000032,20,1.85,0.7458815503057076,0.43070362473347545,0.11684207058202366,0.0132797056364567,0.38188479106873446,-0.04026466229029663,0.9688441777465422
nhanes_dm,Outcome-blind random,9,5,1.7971404990003066,20,1.7,0.5537044039501904,0.27811634349030473,0.13219844035018427,0.003229973601080356,0.4338353083441165,-0.5854151891987809,0.6496579266806433
