repeat,rank,rule_text,predicted_class,posterior_weight,support_n,support_percent,positive_rate,posterior_inclusion_probability,condition_count,source,llm_confidence
0,1,IF age >= 39 AND total_cholesterol <= 175 THEN high risk,1,0.06834568218976435,722,19.571699647600976,0.3365650969529086,0.05,2,quantile_conjunction,
0,2,IF triglycerides >= 122 THEN high risk,1,0.06822019096934831,2031,55.05557061534291,0.189561792220581,0.05,1,quantile,
0,3,IF ast >= 29 THEN high risk,1,0.06573787876587828,767,20.79154242342098,0.1877444589308996,0.05,1,quantile,
0,4,IF sex <= 1 THEN high risk,1,0.065595839964192,1794,48.63106532935755,0.16387959866220736,0.05,1,quantile,
0,5,IF systolic_bp >= 126.667 AND total_cholesterol <= 159 THEN high risk,1,0.05411940988979646,254,6.88533477907292,0.3858267716535433,0.05,2,quantile_conjunction,
0,6,IF age >= 47 AND systolic_bp >= 117.333 THEN high risk,1,0.05298905921473427,1492,40.44456492274329,0.26005361930294907,0.05,2,quantile_conjunction,
0,7,IF ggt >= 17 AND total_cholesterol <= 175 THEN high risk,1,0.05235846041074384,726,19.680130116562754,0.2548209366391185,0.05,2,quantile_conjunction,
0,8,IF bmi >= 26.6 AND ggt >= 24 THEN high risk,1,0.04711054693306872,965,26.15885063702901,0.23523316062176167,0.05,2,quantile_conjunction,
0,9,IF bmi >= 30.9 AND systolic_bp >= 122 THEN high risk,1,0.046699288801720626,790,21.415017619951207,0.25569620253164554,0.05,2,quantile_conjunction,
0,10,IF serum_albumin <= 4.2 AND triglycerides >= 102 THEN high risk,1,0.045735695296642495,805,21.821631878557877,0.25838509316770186,0.05,2,quantile_conjunction,
0,11,IF bmi >= 34.5 AND ggt >= 24 THEN high risk,1,0.04555533884071403,342,9.270805096232042,0.28362573099415206,0.05,2,quantile_conjunction,
0,12,IF bmi >= 28.6 AND ggt >= 33 THEN high risk,1,0.04514309910869193,473,12.82190295473028,0.2642706131078224,0.05,2,quantile_conjunction,
0,13,IF age >= 39 AND systolic_bp >= 136 THEN high risk,1,0.044889584506985415,670,18.162103551097857,0.2656716417910448,0.05,2,quantile_conjunction,
0,14,IF systolic_bp >= 117.333 AND triglycerides >= 102 THEN high risk,1,0.04343996484802879,1686,45.70344266738954,0.20462633451957296,0.05,2,quantile_conjunction,
0,15,IF bmi >= 28.6 AND triglycerides >= 147 THEN high risk,1,0.043332415767305586,810,21.957169964760098,0.254320987654321,0.05,2,quantile_conjunction,
0,16,IF ggt >= 17 AND triglycerides >= 122 THEN high risk,1,0.0429747555903489,1635,44.32095418812686,0.2018348623853211,0.05,2,quantile_conjunction,
0,17,IF systolic_bp >= 136 AND triglycerides >= 147 THEN high risk,1,0.04277158168675479,318,8.620222282461372,0.29874213836477986,0.05,2,quantile_conjunction,
0,18,IF age >= 64 AND hdl <= 40 THEN high risk,1,0.042189552463410884,147,3.984819734345351,0.5578231292517006,0.05,2,quantile_conjunction,
0,19,IF hdl <= 40 AND triglycerides >= 147 THEN high risk,1,0.04143176155822805,548,14.854974247763622,0.25,0.05,2,quantile_conjunction,
0,20,IF bmi >= 24 AND triglycerides >= 122 THEN high risk,1,0.04135989319364225,1770,47.98048251558688,0.20112994350282487,0.05,2,quantile_conjunction,
1,1,IF hdl <= 56 THEN high risk,1,0.0769164862132781,2406,65.22092708050963,0.1778886118038238,0.05,1,quantile,
1,2,IF age >= 39 AND bmi >= 26.5 THEN high risk,1,0.055187375093352954,1694,45.920303605313094,0.25560802833530105,0.05,2,quantile_conjunction,
1,3,IF age >= 39 AND ggt >= 20 THEN high risk,1,0.05096593791574847,1496,40.55299539170507,0.24197860962566844,0.05,2,quantile_conjunction,
1,4,IF age >= 47 AND serum_albumin <= 4.2 THEN high risk,1,0.0508928031391768,809,21.93006234751965,0.2843016069221261,0.05,2,quantile_conjunction,
1,5,IF age >= 64 AND serum_albumin <= 4.2 THEN high risk,1,0.05008541893717959,338,9.162374627270262,0.35502958579881655,0.05,2,quantile_conjunction,
1,6,IF bmi >= 30.8 AND total_cholesterol <= 176 THEN high risk,1,0.049434083667436464,489,13.255624830577393,0.3210633946830266,0.05,2,quantile_conjunction,
1,7,IF total_cholesterol <= 176 AND triglycerides >= 102 THEN high risk,1,0.04919402845335904,593,16.074817023583627,0.2984822934232715,0.05,2,quantile_conjunction,
1,8,IF hdl <= 40 AND serum_albumin <= 4.2 THEN high risk,1,0.04859881580171172,314,8.511791813499594,0.3057324840764331,0.05,2,quantile_conjunction,
1,9,IF bmi >= 26.5 AND ggt >= 32 THEN high risk,1,0.048582483416741006,582,15.776633233938735,0.2542955326460481,0.05,2,quantile_conjunction,
1,10,IF bmi >= 30.8 AND systolic_bp >= 122 THEN high risk,1,0.048513435292036576,809,21.93006234751965,0.25092707045735474,0.05,2,quantile_conjunction,
1,11,IF bmi >= 28.6 AND total_cholesterol <= 158 THEN high risk,1,0.04826030898838402,374,10.138248847926267,0.34759358288770054,0.05,2,quantile_conjunction,
1,12,IF ggt >= 32 AND serum_albumin <= 4.2 THEN high risk,1,0.0482403812176799,299,8.105177554892926,0.28762541806020064,0.05,2,quantile_conjunction,
1,13,IF ggt >= 24 AND systolic_bp >= 117.333 THEN high risk,1,0.0477288675901259,965,26.15885063702901,0.21450777202072538,0.05,2,quantile_conjunction,
1,14,IF ggt >= 32 AND systolic_bp >= 117.333 THEN high risk,1,0.047428667028701244,568,15.397126592572514,0.22535211267605634,0.05,2,quantile_conjunction,
1,15,IF age >= 64 AND triglycerides >= 209 THEN high risk,1,0.047240455173594674,158,4.283003523990241,0.43670886075949367,0.05,2,quantile_conjunction,
1,16,IF bmi >= 30.8 AND serum_albumin <= 4.1 THEN high risk,1,0.0471917482295459,529,14.339929520195174,0.277882797731569,0.05,2,quantile_conjunction,
1,17,IF bmi >= 34.2 AND systolic_bp >= 136 THEN high risk,1,0.04686340877825536,197,5.34020059636758,0.3147208121827411,0.05,2,quantile_conjunction,
1,18,IF ggt >= 20 AND systolic_bp >= 117.333 THEN high risk,1,0.04682912873001564,1552,42.07102195716996,0.19458762886597938,0.05,2,quantile_conjunction,
1,19,IF systolic_bp >= 122 AND triglycerides >= 209 THEN high risk,1,0.046205574789098675,485,13.147194361615613,0.27010309278350514,0.05,2,quantile_conjunction,
1,20,IF ggt >= 20 AND systolic_bp >= 136 THEN high risk,1,0.04564059154457806,504,13.66223908918406,0.251984126984127,0.05,2,quantile_conjunction,
2,1,IF uric_acid >= 4.3 THEN high risk,1,0.07369708831589411,2994,81.16020601789103,0.16098864395457582,0.05,1,quantile,
2,2,IF race_ethnicity >= 4 THEN high risk,1,0.07348906698305578,1401,37.97777175386284,0.15703069236259815,0.05,1,quantile,
2,3,IF age >= 56 AND bmi >= 26.5 THEN high risk,1,0.05097698189672142,915,24.803469775006775,0.3519125683060109,0.05,2,quantile_conjunction,
2,4,IF bmi >= 28.6 AND total_cholesterol <= 176 THEN high risk,1,0.05045013025020718,662,17.945242613174305,0.3021148036253776,0.05,2,quantile_conjunction,
2,5,IF age >= 47 AND triglycerides >= 148 THEN high risk,1,0.0503381386079273,774,20.98129574410409,0.2997416020671835,0.05,2,quantile_conjunction,
2,6,IF serum_albumin <= 4.2 AND triglycerides >= 148 THEN high risk,1,0.049325124400369444,497,13.472485768500949,0.30784708249496984,0.05,2,quantile_conjunction,
2,7,IF ggt >= 32 AND total_cholesterol <= 176 THEN high risk,1,0.04920692361071908,224,6.072106261859583,0.38839285714285715,0.05,2,quantile_conjunction,
2,8,IF age >= 31 AND hdl <= 41 THEN high risk,1,0.047860031646761086,689,18.677148278666305,0.2772133526850508,0.05,2,quantile_conjunction,
2,9,IF age >= 64 AND serum_albumin <= 4.4 THEN high risk,1,0.04752420745494892,571,15.478449444293846,0.3362521891418564,0.05,2,quantile_conjunction,
2,10,IF age >= 47 AND bmi >= 30.8 THEN high risk,1,0.04728391102365193,698,18.921116833830308,0.33810888252148996,0.05,2,quantile_conjunction,
2,11,IF hdl <= 41 AND serum_albumin <= 4.3 THEN high risk,1,0.04687671824036822,421,11.412306858227161,0.30641330166270786,0.05,2,quantile_conjunction,
2,12,IF age >= 31 AND triglycerides >= 203 THEN high risk,1,0.046840028915804535,672,18.216318785578746,0.24553571428571427,0.05,2,quantile_conjunction,
2,13,IF age >= 56 AND serum_albumin <= 4.2 THEN high risk,1,0.046707763534841504,567,15.370018975332068,0.3474426807760141,0.05,2,quantile_conjunction,
2,14,IF bmi >= 30.8 AND hdl <= 47 THEN high risk,1,0.046452569970307014,664,17.99945784765519,0.2635542168674699,0.05,2,quantile_conjunction,
2,15,IF age >= 38 AND serum_albumin <= 4.4 THEN high risk,1,0.046129082546663175,1775,48.1160206017891,0.2332394366197183,0.05,2,quantile_conjunction,
2,16,IF bmi >= 34.4 AND ggt >= 24 THEN high risk,1,0.04601124020027797,326,8.837083220384928,0.31901840490797545,0.05,2,quantile_conjunction,
2,17,IF serum_albumin <= 4.1 AND systolic_bp >= 110.867 THEN high risk,1,0.04564406000915301,757,20.520466251016536,0.25495376486129456,0.05,2,quantile_conjunction,
2,18,IF ggt >= 24 AND systolic_bp >= 126.667 THEN high risk,1,0.045206148185804755,619,16.779615071835185,0.26009693053311794,0.05,2,quantile_conjunction,
2,19,IF serum_albumin <= 4.3 AND systolic_bp >= 122 THEN high risk,1,0.04506189824341395,1211,32.82732447817837,0.22873658133773742,0.05,2,quantile_conjunction,
2,20,IF age >= 38 AND serum_albumin <= 4.2 THEN high risk,1,0.04491888596310963,1022,27.703984819734345,0.2671232876712329,0.05,2,quantile_conjunction,
3,1,IF age >= 48 THEN high risk,1,0.08122932419932556,1846,50.04066142586067,0.2600216684723727,0.05,1,quantile,
3,2,IF ggt >= 14 THEN high risk,1,0.06592973457218117,3018,81.8107888316617,0.17229953611663354,0.05,1,quantile,
3,3,IF triglycerides >= 122 THEN high risk,1,0.06480224663301566,2032,55.08267823258336,0.1845472440944882,0.05,1,quantile,
3,4,IF uric_acid >= 4.9 THEN high risk,1,0.06473969165155977,2434,65.97994036324208,0.1581758422350041,0.05,1,quantile,
3,5,IF ggt >= 32 THEN high risk,1,0.06412816278970138,750,20.330712930333426,0.23066666666666666,0.05,1,quantile,
3,6,IF age >= 31 AND total_cholesterol <= 176 THEN high risk,1,0.051815989193208616,921,24.966115478449442,0.28338762214983715,0.05,2,quantile_conjunction,
3,7,IF age >= 39 AND bmi >= 30.8 THEN high risk,1,0.04968537058233929,915,24.803469775006775,0.29617486338797816,0.05,2,quantile_conjunction,
3,8,IF age >= 48 AND bmi >= 23.9 THEN high risk,1,0.049386850553268635,1545,41.88126863648685,0.283495145631068,0.05,2,quantile_conjunction,
3,9,IF systolic_bp >= 117.333 AND total_cholesterol <= 159 THEN high risk,1,0.04688859663703358,441,11.954459203036052,0.29705215419501135,0.05,2,quantile_conjunction,
3,10,IF age >= 48 AND serum_albumin <= 4.1 THEN high risk,1,0.04588108739704586,552,14.963404716725401,0.322463768115942,0.05,2,quantile_conjunction,
3,11,IF age >= 39 AND ggt >= 20 THEN high risk,1,0.0448727768121194,1475,39.98373542965573,0.2528813559322034,0.05,2,quantile_conjunction,
3,12,IF age >= 64 AND ggt >= 24 THEN high risk,1,0.04451550335261579,266,7.2106261859582546,0.41353383458646614,0.05,2,quantile_conjunction,
3,13,IF age >= 31 AND ggt >= 14 THEN high risk,1,0.04276896362857605,2495,67.63350501490919,0.2028056112224449,0.05,2,quantile_conjunction,
3,14,IF bmi >= 30.8 AND ggt >= 24 THEN high risk,1,0.04245683077152367,582,15.776633233938735,0.28350515463917525,0.05,2,quantile_conjunction,
3,15,IF serum_albumin <= 4.2 AND systolic_bp >= 136 THEN high risk,1,0.04161864845093001,308,8.349146110056926,0.2792207792207792,0.05,2,quantile_conjunction,
3,16,IF hdl <= 46 AND systolic_bp >= 122 THEN high risk,1,0.04134377369761599,734,19.89699105448631,0.25885558583106266,0.05,2,quantile_conjunction,
3,17,IF bmi >= 28.6 AND triglycerides >= 149 THEN high risk,1,0.04113013054298529,816,22.119815668202765,0.25612745098039214,0.05,2,quantile_conjunction,
3,18,IF hdl <= 46 AND serum_albumin <= 4.1 THEN high risk,1,0.04091410746467715,394,10.68040119273516,0.31218274111675126,0.05,2,quantile_conjunction,
3,19,IF age >= 31 AND triglycerides >= 206.4 THEN high risk,1,0.03803473798896975,676,18.324749254540524,0.2529585798816568,0.05,2,quantile_conjunction,
3,20,IF hdl <= 46 AND triglycerides >= 206.4 THEN high risk,1,0.03785747308130738,543,14.7194361615614,0.26151012891344383,0.05,2,quantile_conjunction,
4,1,IF total_cholesterol <= 199 THEN high risk,1,0.06940138528660789,2422,65.65464895635674,0.17299752270850538,0.05,1,quantile,
4,2,IF uric_acid >= 5.3 THEN high risk,1,0.06934766631478048,2059,55.814583898075355,0.1714424477901894,0.05,1,quantile,
4,3,IF diastolic_bp <= 74 THEN high risk,1,0.06900887225952011,2437,66.0612632149634,0.1616741895773492,0.05,1,quantile,
4,4,IF ast >= 25 THEN high risk,1,0.06898368576756916,1397,37.86934128490106,0.16105941302791696,0.05,1,quantile,
4,5,IF diastolic_bp <= 62 THEN high risk,1,0.0689298104813297,745,20.1951748441312,0.20268456375838925,0.05,1,quantile,
4,6,IF age >= 64 AND total_cholesterol <= 176 THEN high risk,1,0.04741032624937747,305,8.267823258335593,0.4786885245901639,0.05,2,quantile_conjunction,
4,7,IF age >= 31 AND bmi >= 31.02 THEN high risk,1,0.0453037544509425,1089,29.520195174844133,0.2580348943985308,0.05,2,quantile_conjunction,
4,8,IF bmi >= 34.7 AND systolic_bp >= 122 THEN high risk,1,0.0448798428310486,479,12.984548658172946,0.27348643006263046,0.05,2,quantile_conjunction,
4,9,IF systolic_bp >= 136 AND triglycerides >= 122 THEN high risk,1,0.04459218314708705,466,12.632149634047169,0.2703862660944206,0.05,2,quantile_conjunction,
4,10,IF age >= 39 AND hdl <= 40 THEN high risk,1,0.04415047863653951,521,14.12306858227162,0.32629558541266795,0.05,2,quantile_conjunction,
4,11,IF age >= 31 AND bmi >= 28.7 THEN high risk,1,0.044106168477144145,1633,44.26673895364598,0.23759951010410288,0.05,2,quantile_conjunction,
4,12,IF age >= 31 AND systolic_bp >= 116.667 THEN high risk,1,0.04383604344366838,2121,57.49525616698292,0.21357850070721357,0.05,2,quantile_conjunction,
4,13,IF bmi >= 31.02 AND serum_albumin <= 4.2 THEN high risk,1,0.04334195225043499,683,18.514502575223638,0.2562225475841874,0.05,2,quantile_conjunction,
4,14,IF bmi >= 24 AND serum_albumin <= 4.2 THEN high risk,1,0.042921021193841835,1165,31.580374085117917,0.22489270386266094,0.05,2,quantile_conjunction,
4,15,IF hdl <= 40 AND serum_albumin <= 4.3 THEN high risk,1,0.042744637647806595,416,11.276768772024939,0.28846153846153844,0.05,2,quantile_conjunction,
4,16,IF systolic_bp >= 122 AND triglycerides >= 207 THEN high risk,1,0.04269319240908846,476,12.903225806451612,0.25630252100840334,0.05,2,quantile_conjunction,
4,17,IF bmi >= 26.7 AND serum_albumin <= 4.4 THEN high risk,1,0.04261345179663007,1751,47.465437788018434,0.21644774414620216,0.05,2,quantile_conjunction,
4,18,IF bmi >= 24 AND ggt >= 32 THEN high risk,1,0.04221255994188341,684,18.541610192464084,0.24415204678362573,0.05,2,quantile_conjunction,
4,19,IF ggt >= 32 AND triglycerides >= 122 THEN high risk,1,0.041997183101160726,539,14.61100569259962,0.24860853432282004,0.05,2,quantile_conjunction,
4,20,IF serum_albumin <= 4.2 AND total_cholesterol <= 158 THEN high risk,1,0.041525784313538885,352,9.541881268636487,0.29829545454545453,0.05,2,quantile_conjunction,
5,1,IF age >= 55 THEN high risk,1,0.07883453174480222,1361,36.89346706424505,0.29537105069801617,0.05,1,quantile,
5,2,IF alt >= 19 THEN high risk,1,0.07372561671778595,2472,67.01002981837897,0.16788025889967637,0.05,1,quantile,
5,3,IF ast >= 29 THEN high risk,1,0.07343092310948479,769,20.84575765790187,0.1755526657997399,0.05,1,quantile,
5,4,IF serum_albumin <= 4.1 AND triglycerides >= 123 THEN high risk,1,0.047413025285589196,469,12.7134724857685,0.3006396588486141,0.05,2,quantile_conjunction,
5,5,IF serum_albumin <= 4.3 AND triglycerides >= 150 THEN high risk,1,0.04729891872606379,673,18.243426402819193,0.26448736998514116,0.05,2,quantile_conjunction,
5,6,IF bmi >= 26.6 AND hdl <= 46 THEN high risk,1,0.046425762545302354,1017,27.56844673353212,0.23697148475909538,0.05,2,quantile_conjunction,
5,7,IF bmi >= 30.8 AND triglycerides >= 207 THEN high risk,1,0.046373112084033545,342,9.270805096232042,0.29239766081871343,0.05,2,quantile_conjunction,
5,8,IF hdl <= 46 AND triglycerides >= 150 THEN high risk,1,0.04622737003974462,840,22.770398481973434,0.23809523809523808,0.05,2,quantile_conjunction,
5,9,IF age >= 31 AND total_cholesterol <= 176 THEN high risk,1,0.045919853252959775,941,25.508267823258336,0.2763018065887354,0.05,2,quantile_conjunction,
5,10,IF age >= 31 AND triglycerides >= 102 THEN high risk,1,0.045566198577649646,2040,55.29953917050692,0.21127450980392157,0.05,2,quantile_conjunction,
5,11,IF ggt >= 17 AND total_cholesterol <= 159 THEN high risk,1,0.045459878793814065,403,10.92436974789916,0.31017369727047145,0.05,2,quantile_conjunction,
5,12,IF bmi >= 23.9 AND serum_albumin <= 4.1 THEN high risk,1,0.04531434623298506,826,22.39089184060721,0.24818401937046006,0.05,2,quantile_conjunction,
5,13,IF bmi >= 23.9 AND triglycerides >= 102 THEN high risk,1,0.04531191867243169,2087,56.57359718080781,0.19693339722089123,0.05,2,quantile_conjunction,
5,14,IF age >= 47 AND serum_albumin <= 4.1 THEN high risk,1,0.045053566268673004,568,15.397126592572514,0.3274647887323944,0.05,2,quantile_conjunction,
5,15,IF systolic_bp >= 136 AND triglycerides >= 123 THEN high risk,1,0.044833436304330294,460,12.4695039306045,0.28043478260869564,0.05,2,quantile_conjunction,
5,16,IF ggt >= 14 AND systolic_bp >= 117.333 THEN high risk,1,0.04475803347245069,2122,57.522363784223366,0.1941564561734213,0.05,2,quantile_conjunction,
5,17,IF hdl <= 40 AND triglycerides >= 150 THEN high risk,1,0.044724642729912514,561,15.207373271889402,0.25846702317290554,0.05,2,quantile_conjunction,
5,18,IF bmi >= 26.6 AND ggt >= 24 THEN high risk,1,0.044712600726652486,961,26.05042016806723,0.25390218522372526,0.05,2,quantile_conjunction,
5,19,IF ggt >= 17 AND triglycerides >= 207 THEN high risk,1,0.04448449654198826,614,16.644076985632964,0.26221498371335505,0.05,2,quantile_conjunction,
5,20,IF ggt >= 24 AND triglycerides >= 207 THEN high risk,1,0.044131768173346124,440,11.92735158579561,0.2840909090909091,0.05,2,quantile_conjunction,
6,1,IF age >= 56 THEN high risk,1,0.08045121694248153,1304,35.34833288153971,0.294478527607362,0.05,1,quantile,
6,2,IF age >= 39 THEN high risk,1,0.07469451423813639,2413,65.41068040119274,0.22130128470783259,0.05,1,quantile,
6,3,IF hdl <= 66 THEN high risk,1,0.06902579796974076,2985,80.91623746272703,0.16750418760469013,0.05,1,quantile,
6,4,IF diastolic_bp <= 70.667 THEN high risk,1,0.06859275040769174,1984,53.78151260504202,0.1688508064516129,0.05,1,quantile,
6,5,IF diastolic_bp <= 74 THEN high risk,1,0.06846226064539647,2408,65.2751423149905,0.16611295681063123,0.05,1,quantile,
6,6,IF bmi >= 30.8 AND total_cholesterol <= 159 THEN high risk,1,0.04558753504660855,300,8.132285172133368,0.36666666666666664,0.05,2,quantile_conjunction,
6,7,IF bmi >= 28.6 AND systolic_bp >= 127.333 THEN high risk,1,0.044450852120391876,767,20.79154242342098,0.27509778357235987,0.05,2,quantile_conjunction,
6,8,IF serum_albumin <= 4.3 AND systolic_bp >= 127.333 THEN high risk,1,0.04383178285517583,792,21.469232854432097,0.26515151515151514,0.05,2,quantile_conjunction,
6,9,IF bmi >= 28.6 AND systolic_bp >= 117.333 THEN high risk,1,0.04366485145494329,1438,38.98075359175928,0.22183588317107092,0.05,2,quantile_conjunction,
6,10,IF bmi >= 26.6 AND total_cholesterol <= 188 THEN high risk,1,0.04324082309226444,1314,35.61940905394415,0.2404870624048706,0.05,2,quantile_conjunction,
6,11,IF bmi >= 30.8 AND total_cholesterol <= 176 THEN high risk,1,0.04299041732967977,507,13.743561940905394,0.33925049309664695,0.05,2,quantile_conjunction,
6,12,IF ggt >= 33 AND systolic_bp >= 136 THEN high risk,1,0.04216829666124767,223,6.044998644619138,0.2645739910313901,0.05,2,quantile_conjunction,
6,13,IF age >= 31 AND serum_albumin <= 4.3 THEN high risk,1,0.04213061187244019,1748,47.3841149362971,0.221395881006865,0.05,2,quantile_conjunction,
6,14,IF bmi >= 34.44 AND ggt >= 20 THEN high risk,1,0.042113724397355515,456,12.361073461642722,0.2719298245614035,0.05,2,quantile_conjunction,
6,15,IF ggt >= 33 AND hdl <= 46 THEN high risk,1,0.041897630852916146,395,10.707508809975604,0.27341772151898736,0.05,2,quantile_conjunction,
6,16,IF bmi >= 28.6 AND triglycerides >= 151 THEN high risk,1,0.041506852956857625,807,21.875847113038763,0.2527881040892193,0.05,2,quantile_conjunction,
6,17,IF age >= 31 AND triglycerides >= 151 THEN high risk,1,0.0414858447442112,1171,31.743019788560584,0.23569598633646455,0.05,2,quantile_conjunction,
6,18,IF hdl <= 40 AND serum_albumin <= 4.1 THEN high risk,1,0.04141875912879376,224,6.072106261859583,0.36160714285714285,0.05,2,quantile_conjunction,
6,19,IF ggt >= 24 AND hdl <= 46 THEN high risk,1,0.041194900071801474,660,17.891027378693416,0.25757575757575757,0.05,2,quantile_conjunction,
6,20,IF ggt >= 20 AND serum_albumin <= 4.2 THEN high risk,1,0.04109057721186577,682,18.487394957983195,0.27419354838709675,0.05,2,quantile_conjunction,
7,1,IF alt >= 31 THEN high risk,1,0.0692184346696295,761,20.628896719978314,0.17871222076215507,0.05,1,quantile,
7,2,IF serum_albumin <= 4.6 THEN high risk,1,0.06914529597233385,3151,85.41610192464081,0.16661377340526817,0.05,1,quantile,
7,3,IF alt >= 24 THEN high risk,1,0.06903053117986599,1372,37.19165085388994,0.1727405247813411,0.05,1,quantile,
7,4,IF ast >= 29 THEN high risk,1,0.06887030465600254,770,20.872865275142317,0.18311688311688312,0.05,1,quantile,
7,5,IF age >= 55 AND bmi >= 26.6 THEN high risk,1,0.05204380001040871,948,25.698021143941446,0.3512658227848101,0.05,2,quantile_conjunction,
7,6,IF age >= 63.4 AND total_cholesterol <= 188 THEN high risk,1,0.05088043931829459,424,11.493629709948495,0.44339622641509435,0.05,2,quantile_conjunction,
7,7,IF age >= 39 AND systolic_bp >= 127.333 THEN high risk,1,0.04657955137266973,1107,30.008132285172135,0.2529358626919603,0.05,2,quantile_conjunction,
7,8,IF age >= 55 AND systolic_bp >= 117.333 THEN high risk,1,0.046481094433473105,1116,30.252100840336134,0.30824372759856633,0.05,2,quantile_conjunction,
7,9,IF age >= 47 AND triglycerides >= 150 THEN high risk,1,0.046221118017838236,761,20.628896719978314,0.28777923784494086,0.05,2,quantile_conjunction,
7,10,IF age >= 55 AND ggt >= 17 THEN high risk,1,0.046122728626573774,1008,27.32447817836812,0.3263888888888889,0.05,2,quantile_conjunction,
7,11,IF age >= 63.4 AND serum_albumin <= 4.4 THEN high risk,1,0.04611861399519514,565,15.31580374085118,0.35398230088495575,0.05,2,quantile_conjunction,
7,12,IF systolic_bp >= 122.667 AND total_cholesterol <= 160 THEN high risk,1,0.04536895300948843,354,9.596096503117375,0.3531073446327684,0.05,2,quantile_conjunction,
7,13,IF age >= 63.4 AND systolic_bp >= 122.667 THEN high risk,1,0.04474618064638967,561,15.207373271889402,0.3582887700534759,0.05,2,quantile_conjunction,
7,14,IF systolic_bp >= 136 AND total_cholesterol <= 160 THEN high risk,1,0.043995159133711215,142,3.8492816481431285,0.4084507042253521,0.05,2,quantile_conjunction,
7,15,IF serum_albumin <= 4.4 AND systolic_bp >= 136 THEN high risk,1,0.04367377815375652,542,14.692328544320954,0.28413284132841327,0.05,2,quantile_conjunction,
7,16,IF bmi >= 30.9 AND total_cholesterol <= 177 THEN high risk,1,0.04281587402061921,490,13.282732447817835,0.336734693877551,0.05,2,quantile_conjunction,
7,17,IF bmi >= 26.6 AND ggt >= 33 THEN high risk,1,0.04278237079176374,559,15.153158037408513,0.2558139534883721,0.05,2,quantile_conjunction,
7,18,IF systolic_bp >= 127.333 AND triglycerides >= 122 THEN high risk,1,0.042734011216087636,762,20.656004337218757,0.2559055118110236,0.05,2,quantile_conjunction,
7,19,IF systolic_bp >= 122.667 AND triglycerides >= 122 THEN high risk,1,0.04225274711082243,1200,32.529140688533474,0.22166666666666668,0.05,2,quantile_conjunction,
7,20,IF bmi >= 34.54 AND triglycerides >= 122 THEN high risk,1,0.040919013665076095,462,12.523719165085389,0.3051948051948052,0.05,2,quantile_conjunction,
8,1,IF bmi >= 34.6 THEN high risk,1,0.07645388686944575,744,20.168067226890756,0.2594086021505376,0.05,1,quantile,
8,2,IF ast <= 23 THEN high risk,1,0.07117086539520365,2095,56.790458118731365,0.15465393794749405,0.05,1,quantile,
8,3,IF systolic_bp >= 116.667 THEN high risk,1,0.07103036005494465,2456,66.57630794253186,0.18770358306188925,0.05,1,quantile,
8,4,IF uric_acid >= 6.4 THEN high risk,1,0.07102455841675459,803,21.767416644076988,0.19053549190535493,0.05,1,quantile,
8,5,IF bmi >= 34.6 AND ggt >= 20 THEN high risk,1,0.04568835112272771,473,12.82190295473028,0.2727272727272727,0.05,2,quantile_conjunction,
8,6,IF age >= 55 AND systolic_bp >= 116.667 THEN high risk,1,0.045178726151147736,1083,29.357549471401462,0.3028624192059095,0.05,2,quantile_conjunction,
8,7,IF bmi >= 26.5 AND serum_albumin <= 4.2 THEN high risk,1,0.04516800868933485,1031,27.947953374898347,0.2434529582929195,0.05,2,quantile_conjunction,
8,8,IF bmi >= 34.6 AND systolic_bp >= 135.333 THEN high risk,1,0.0450902846311968,207,5.611276768772025,0.2995169082125604,0.05,2,quantile_conjunction,
8,9,IF bmi >= 26.5 AND serum_albumin <= 4.4 THEN high risk,1,0.04497126485528451,1771,48.007590132827325,0.21682665160926032,0.05,2,quantile_conjunction,
8,10,IF bmi >= 30.9 AND hdl <= 47 THEN high risk,1,0.04486928248197964,659,17.86391976145297,0.2746585735963581,0.05,2,quantile_conjunction,
8,11,IF ggt >= 17 AND total_cholesterol <= 187 THEN high risk,1,0.04483807689281198,1312,35.56519381946327,0.22179878048780488,0.05,2,quantile_conjunction,
8,12,IF age >= 38 AND systolic_bp >= 122 THEN high risk,1,0.044828627524143204,1555,42.1523448088913,0.24437299035369775,0.05,2,quantile_conjunction,
8,13,IF age >= 63 AND bmi >= 23.9 THEN high risk,1,0.04444393385549451,689,18.677148278666305,0.35123367198838895,0.05,2,quantile_conjunction,
8,14,IF ggt >= 14 AND serum_albumin <= 4.4 THEN high risk,1,0.04409472100795474,2024,54.865817294659806,0.2025691699604743,0.05,2,quantile_conjunction,
8,15,IF systolic_bp >= 135.333 AND total_cholesterol <= 176 THEN high risk,1,0.0440701604412498,221,5.990783410138248,0.3755656108597285,0.05,2,quantile_conjunction,
8,16,IF age >= 63 AND systolic_bp >= 126.667 THEN high risk,1,0.04385268026039587,476,12.903225806451612,0.33403361344537813,0.05,2,quantile_conjunction,
8,17,IF serum_albumin <= 4.4 AND systolic_bp >= 116.667 THEN high risk,1,0.04368436519679563,1692,45.8660883708322,0.2127659574468085,0.05,2,quantile_conjunction,
8,18,IF age >= 63 AND total_cholesterol <= 176 THEN high risk,1,0.043561458305131,310,8.403361344537815,0.47096774193548385,0.05,2,quantile_conjunction,
8,19,IF hdl <= 40 AND triglycerides >= 208 THEN high risk,1,0.043488884628434296,383,10.38221740309027,0.2689295039164491,0.05,2,quantile_conjunction,
8,20,IF serum_albumin <= 4.1 AND total_cholesterol <= 159 THEN high risk,1,0.042491503219569106,257,6.966657630794253,0.27626459143968873,0.05,2,quantile_conjunction,
9,1,IF age >= 48 AND total_cholesterol <= 176 THEN high risk,1,0.07419021138182594,567,15.370018975332068,0.3915343915343915,0.05,2,quantile_conjunction,
9,2,IF serum_albumin <= 4.2 THEN high risk,1,0.06762768875748804,1357,36.78503659528328,0.20707442888725128,0.05,1,quantile,
9,3,IF age >= 48 AND bmi >= 30.8 THEN high risk,1,0.062419676205946614,689,18.677148278666305,0.33962264150943394,0.05,2,quantile_conjunction,
9,4,IF ggt >= 14 THEN high risk,1,0.06212082273663466,2989,81.02466793168881,0.1719638675142188,0.05,1,quantile,
9,5,IF age >= 48 AND bmi >= 26.5 THEN high risk,1,0.06142452464520923,1285,34.83328815397127,0.3058365758754864,0.05,2,quantile_conjunction,
9,6,IF alt >= 21 THEN high risk,1,0.06000307224998314,2091,56.68202764976959,0.16642754662840745,0.05,1,quantile,
9,7,IF age >= 48 AND serum_albumin <= 4.2 THEN high risk,1,0.05334240971007681,795,21.55055570615343,0.2893081761006289,0.05,2,quantile_conjunction,
9,8,IF age >= 56 AND triglycerides >= 148 THEN high risk,1,0.052019517083095684,512,13.879100027107615,0.345703125,0.05,2,quantile_conjunction,
9,9,IF age >= 48 AND systolic_bp >= 122 THEN high risk,1,0.051676558174674495,1296,35.131471943616155,0.26697530864197533,0.05,2,quantile_conjunction,
9,10,IF age >= 39 AND bmi >= 34.4 THEN high risk,1,0.04682846937140137,509,13.797777175386283,0.34577603143418467,0.05,2,quantile_conjunction,
9,11,IF bmi >= 30.8 AND systolic_bp >= 127.333 THEN high risk,1,0.043944097785019044,562,15.234480889129845,0.2918149466192171,0.05,2,quantile_conjunction,
9,12,IF ggt >= 24 AND total_cholesterol <= 176 THEN high risk,1,0.043854802848445854,411,11.141230685822716,0.3236009732360097,0.05,2,quantile_conjunction,
9,13,IF hdl <= 46 AND systolic_bp >= 122 THEN high risk,1,0.04257991245441187,715,19.381946326917866,0.2573426573426573,0.05,2,quantile_conjunction,
9,14,IF bmi >= 28.5 AND systolic_bp >= 122 THEN high risk,1,0.041467639725264,1226,33.233938736785035,0.24469820554649266,0.05,2,quantile_conjunction,
9,15,IF ggt >= 17 AND hdl <= 40 THEN high risk,1,0.041331006184192984,613,16.616969368392517,0.24796084828711257,0.05,2,quantile_conjunction,
9,16,IF bmi >= 34.4 AND triglycerides >= 148 THEN high risk,1,0.03952220296232188,345,9.352127947953374,0.30434782608695654,0.05,2,quantile_conjunction,
9,17,IF bmi >= 34.4 AND ggt >= 24 THEN high risk,1,0.03948409702931786,339,9.189482244510708,0.2831858407079646,0.05,2,quantile_conjunction,
9,18,IF hdl <= 46 AND triglycerides >= 121 THEN high risk,1,0.0391004323131117,970,26.294388723231226,0.22783505154639175,0.05,2,quantile_conjunction,
9,19,IF bmi >= 34.4 AND systolic_bp >= 127.333 THEN high risk,1,0.038839540212170114,348,9.43345079967471,0.3103448275862069,0.05,2,quantile_conjunction,
9,20,IF ggt >= 24 AND triglycerides >= 121 THEN high risk,1,0.03822331816940877,851,23.068582271618325,0.23501762632197415,0.05,2,quantile_conjunction,
