method,repeat,seed,n_test,positive_test,threshold,training_time_seconds,initializer_mode,reviewed_rule_count,auc,f1,brier,ece,log_loss,calibration_intercept,calibration_slope
EBRO-MH,0,42,5084,825,0.154236284622548,2.6470116709997455,hybrid,0,0.7289071983037703,0.3975812547241119,0.12338204057286785,0.023683225964191066,0.39941200084447814,0.17871098806483823,1.1003168493315132
LR,0,42,5084,825,0.13086183715302654,0.029085610000038287,not_applicable,0,0.8080346076401489,0.44724409448818897,0.11303498367007346,0.020565693712887353,0.36012473515625665,-0.24882923439777588,0.929351836389714
Random Forest,0,42,5084,825,0.1355210253340319,2.8966015030000563,not_applicable,0,0.82088724768227,0.4364067595612215,0.11152790870564663,0.037119008997048154,0.35719877124574734,-0.32278507194412376,0.9939875263876092
XGBoost,0,42,5084,825,0.09505127830385846,0.3770176949992674,not_applicable,0,0.8149463168904353,0.39884846898717613,0.11099521907988161,0.032453036026824686,0.3558933308758672,-0.28784552932822033,0.992592183868681
RuleFit,0,42,5084,825,0.12516012616204522,5.290811706999193,not_applicable,0,0.8153614093506086,0.44809088040391293,0.11082892482767984,0.02087883300734848,0.3538245909630336,-0.21937441334456437,0.9689165914493052
BRL,0,42,5084,825,0.15009842970249437,21.412119280999832,not_applicable,0,0.4996221904416316,0.2792350651548485,0.13601969382966367,0.006930743440717924,0.44372277854683634,-0.4247322431683306,0.7181355727999605
EBM,0,42,5084,825,0.1230227052556385,13.533281265000369,not_applicable,0,0.8301462144336058,0.44223826714801445,0.10871674705865415,0.033975096171576,0.3466697392971545,-0.34980675556401464,0.9500370206954485
EBRO-MH,1,123,5084,825,0.10733892601309113,4.643799572999342,hybrid,0,0.7367504108945762,0.377379010331702,0.12689757915431502,0.03919003042999553,0.4054053821512498,-0.4869451022723937,0.7729017972126809
LR,1,123,5084,825,0.1718502462807964,0.028344366000055743,not_applicable,0,0.8085073320668531,0.46787968808020797,0.1130160807450313,0.02036037591850542,0.359797223426722,-0.32865912661416846,0.8433027813826975
Random Forest,1,123,5084,825,0.13497474537882928,5.404531056000451,not_applicable,0,0.8164155762840899,0.4413879337292904,0.11186994059253523,0.02682358541155725,0.35706701730701845,-0.379601065194669,0.8556255744755363
XGBoost,1,123,5084,825,0.1679308600584448,0.5091649760006476,not_applicable,0,0.8104622652920376,0.46734909989410517,0.1122053873686063,0.025066955697418927,0.3584887979209746,-0.3725582188150002,0.8566156011636665
RuleFit,1,123,5084,825,0.15775439840721203,4.182269794999229,not_applicable,0,0.8082250065814283,0.4642324888226528,0.11297666276549738,0.020471118198312526,0.3588540550467313,-0.24506800372799098,0.8861511535354183
BRL,1,123,5084,825,0.19010832099419084,22.08340622200012,not_applicable,0,0.5950009605327755,0.3225806451612903,0.13387255376471366,0.007090678435150821,0.43585984643486825,1.7498685284445847,2.0159106309328845
EBM,1,123,5084,825,0.19825930524295818,13.479379446999701,not_applicable,0,0.8301413761944404,0.49135987978963186,0.10913983959676966,0.03292288528178355,0.34627833592617097,-0.40107500064307017,0.891030887898089
EBRO-MH,2,2024,5084,825,0.12391030775289609,7.569033433000186,hybrid,0,0.7562115164322255,0.382205843643064,0.12053663997100977,0.02460650072900581,0.3913803262525301,0.19513262791345565,1.2678744510383761
LR,2,2024,5084,825,0.18633731368526352,0.08395001900044008,not_applicable,0,0.8093662618198894,0.47067502766506825,0.11223811291105058,0.027179519456054856,0.36152287277630046,0.23388378302337468,1.2910246650265087
Random Forest,2,2024,5084,825,0.23746540629423477,6.3483104409997395,not_applicable,0,0.819568116003899,0.49524596940884663,0.11030073575512013,0.02991923440016957,0.35469581123812416,-0.08449982211024541,1.1359200386771549
XGBoost,2,2024,5084,825,0.15243374184670044,0.7600442290004139,not_applicable,0,0.8165146178858319,0.45123537061118335,0.10973144597956927,0.02237682430512661,0.35292244029326103,-0.026706301107228637,1.148039629664249
RuleFit,2,2024,5084,825,0.1857159845281129,6.961143585000173,not_applicable,0,0.8078203021053456,0.46211272863008584,0.11171244527274998,0.022130352792604033,0.3577872191398061,-0.0437930961444196,1.0952981116855354
BRL,2,2024,5084,825,0.15423514538558786,23.61373432399978,not_applicable,0,0.5,0.2792350651548485,0.13600563391038645,0.008038654771768516,0.4436654591148093,,
EBM,2,2024,5084,825,0.15813187544637652,12.156638288000067,not_applicable,0,0.8309985983336535,0.45918367346938777,0.10699461078498752,0.027300980468743,0.34491907453382037,0.09602994801850395,1.2743414592806634
EBRO-MH,3,3407,5084,825,0.1502369826177041,2.3717036930001996,hybrid,0,0.7688233829252848,0.4265463917525773,0.12070007803237229,0.026245721414763928,0.38348651327298505,-0.28955507436091255,0.8791707858983502
LR,3,3407,5084,825,0.1344496788531324,0.023450869000043895,not_applicable,0,0.8153335183248308,0.44660804020100503,0.11074588959990163,0.022857780092110435,0.3536003286651409,-0.19458360867749977,1.005685659585051
Random Forest,3,3407,5084,825,0.18605890974209155,3.3171931430006225,not_applicable,0,0.8185338712316876,0.47390691114245415,0.11075582543578404,0.029385675582844335,0.35400840293472025,-0.20883664730559107,1.0434197378231866
XGBoost,3,3407,5084,825,0.21501703484733511,0.30886763499984227,not_applicable,0,0.8137548293453436,0.4770070148090413,0.11089054697479418,0.029602171475858956,0.3550839508498743,-0.2753116240239196,0.9828740570244552
RuleFit,3,3407,5084,825,0.22521205480431816,3.906950601999597,not_applicable,0,0.8111912740933639,0.4748743718592965,0.11229821240960967,0.02144822974903121,0.3567398852439368,-0.21228639992708506,0.9758447678921974
BRL,3,3407,5084,825,0.16477948933930917,21.543776882999737,not_applicable,0,0.575589518097149,0.307823613086771,0.1350214321951957,0.013202904942167443,0.4398264260467958,2.4668842244553755,2.369028825493288
EBM,3,3407,5084,825,0.16014535578630748,16.01447694200033,not_applicable,0,0.8315968323763582,0.47516052720513685,0.1065777464637914,0.02263971278751482,0.3411649485639414,-0.17225193304109812,1.0296812917205773
EBRO-MH,4,7777,5084,825,0.1420029919712404,2.044741924999471,hybrid,0,0.7296868663151828,0.39139486467730744,0.1225528595968004,0.011870240913414497,0.39727158205756896,-0.08230632447536713,0.9482221795456015
LR,4,7777,5084,825,0.11514000802199928,0.024622546000500733,not_applicable,0,0.8068637537620867,0.4292022372681778,0.11246059579033624,0.01648287035143436,0.3597106469002276,-0.13779033994471965,1.005030389556674
Random Forest,4,7777,5084,825,0.09501803299444572,3.0999316099996577,not_applicable,0,0.8166805410289796,0.39692307692307693,0.11173488458679633,0.03140873700492206,0.35700880306407873,-0.22541546476814486,1.0417290185369847
XGBoost,4,7777,5084,825,0.10329465180056874,0.2958523620000051,not_applicable,0,0.8126643756181205,0.40277037826318596,0.1117483994249556,0.03255878803813156,0.35758188096794635,-0.21730026192825974,1.050865342698473
RuleFit,4,7777,5084,825,0.1317755202394054,4.636383528999431,not_applicable,0,0.8084243704952792,0.4457326892109501,0.11129026598216868,0.018171525800752195,0.357309259329683,-0.1425537040522325,1.0131906100209649
BRL,4,7777,5084,825,0.15972674572695753,20.40635844999997,not_applicable,0,0.5179574092652279,0.27952105697770435,0.13585866713775022,0.006345836547427652,0.44310224229091005,1.0717120893113266,1.6071112979308184
EBM,4,7777,5084,825,0.13865728155077708,15.792645833999813,not_applicable,0,0.827949653852448,0.44498040397949956,0.10810156961511384,0.03139240835942408,0.34739492363826274,-0.12503922386826355,1.1395990903719966
EBRO-MH,5,104729,5084,825,0.13130307387929616,7.462169475999872,hybrid,0,0.7389653283243328,0.39975772259236825,0.12449875706898485,0.03403041708319694,0.39970202914841024,-0.0416222449033501,0.9943588216690654
LR,5,104729,5084,825,0.16910936145323266,0.030732115000319027,not_applicable,0,0.8104272592086633,0.4643895348837209,0.1115153790481699,0.014967199045739418,0.35596152750364307,-0.08316265855851249,1.0131491329422335
Random Forest,5,104729,5084,825,0.14840458671688414,5.863065649999953,not_applicable,0,0.8188790938262644,0.4432831232708269,0.11172997409953773,0.03579092187752646,0.3561056972044565,-0.3002605230184185,1.0056889577169954
XGBoost,5,104729,5084,825,0.1676797372025595,0.48564298800010874,not_applicable,0,0.816608821248408,0.46101923725953425,0.11009955027191047,0.033012765048405966,0.3539437367690984,-0.2990366488780305,0.9888829371207712
RuleFit,5,104729,5084,825,0.22408545937784094,3.9497325359998285,not_applicable,0,0.8129626388325613,0.4829848298482985,0.1108838899139193,0.018402459968556984,0.35362259907481247,-0.15416693894592529,1.0040582474108117
BRL,5,104729,5084,825,0.19788560029178934,18.72888453500036,not_applicable,0,0.524386859911631,0.24330900243309003,0.13609686476892668,0.008995625261021739,0.44411645346485085,-0.8670326770097084,0.4503997000939548
EBM,5,104729,5084,825,0.18196817272121646,15.52312712299954,not_applicable,0,0.8288729037261556,0.48140350877192983,0.10839240057856157,0.03179658842750163,0.34666362641299253,-0.2574839259377515,1.0229909214068487
EBRO-MH,6,130363,5084,825,0.15933050589475492,2.3599317950001932,hybrid,0,0.7689974172340925,0.4264202600958248,0.11855408265035286,0.02174399010930278,0.38090183105219244,-0.15917734496099759,0.9651731695009503
LR,6,130363,5084,825,0.15043038565926764,0.033373727000252984,not_applicable,0,0.8113408326040399,0.45853000674308836,0.11091711386579449,0.01879060709509845,0.35588490386516414,-0.15716449623010198,1.0066524482255401
Random Forest,6,130363,5084,825,0.1861452597068959,4.023091541999747,not_applicable,0,0.8186175443090212,0.4629566404916354,0.11132124598729518,0.03554645950976159,0.3554980257315205,-0.25369489496685965,1.0499611200776444
XGBoost,6,130363,5084,825,0.13798875359023804,0.3610095049998563,not_applicable,0,0.8150385280368844,0.43186582809224316,0.11181336303357167,0.03507636211423048,0.3573203840352882,-0.3100897620967492,0.9905348750721057
RuleFit,6,130363,5084,825,0.18662218294221627,12.458856381999794,not_applicable,0,0.8146047941258084,0.47089358546533183,0.1113183169060363,0.022707943605766695,0.3550110367343654,-0.18031274217915536,1.0149045217992447
BRL,6,130363,5084,825,0.15377058027549018,42.40161995000017,not_applicable,0,0.5167074359466941,0.2792350651548485,0.13599273515097543,0.007867884606976822,0.44361609955136216,-0.42166486696251193,0.7173769653994554
EBM,6,130363,5084,825,0.15516171835642747,12.854111919000388,not_applicable,0,0.8322864237586003,0.46302873748789153,0.10835625913219715,0.03718816941560393,0.34541139839412044,-0.3392693985887471,0.9901361682914915
EBRO-MH,7,155921,5084,825,0.11870809961542872,2.2257645390000107,hybrid,0,0.7489757874589995,0.39106145251396646,0.1217105476491586,0.024037763928312274,0.3923764029026818,0.0664328770447167,1.0452199409585998
LR,7,155921,5084,825,0.15631871693872837,0.025987935000557627,not_applicable,0,0.8098324403936049,0.4530531845042679,0.1129551828979605,0.029589563945424786,0.35969189286705977,-0.2675392032051827,0.987685781276255
Random Forest,7,155921,5084,825,0.1711489759586553,2.993308942999647,not_applicable,0,0.8182504073370475,0.46277665995975853,0.11115166174262339,0.027524688435345016,0.35498041792912266,-0.17605417244646288,1.0580371209862558
XGBoost,7,155921,5084,825,0.1619481491281399,0.3550684789997831,not_applicable,0,0.8162512184536134,0.44990046449900467,0.11038746323236537,0.030839800367356816,0.3540019179016175,-0.22519380339860215,1.0397696558458722
RuleFit,7,155921,5084,825,0.19388236513667928,4.737040826999873,not_applicable,0,0.8107741894170634,0.4730195177956372,0.11175608604304539,0.022931431426644746,0.3564010636803068,-0.2414169718065597,0.9625515247985666
BRL,7,155921,5084,825,0.16566529909159408,19.86051437199967,not_applicable,0,0.5588995851921421,0.3029804727646454,0.13487568800315425,0.005696123845803119,0.4391240927827221,2.493461290233518,2.469504071168165
EBM,7,155921,5084,825,0.16289127921063146,15.621364787999482,not_applicable,0,0.830177236084726,0.4646265218821981,0.10830977620367235,0.03525381356060849,0.3463881101134763,-0.2713292998130927,1.0387469276258998
EBRO-MH,8,196613,5084,825,0.13882882740520358,2.1665389899999354,hybrid,0,0.735755298939145,0.38030560271646857,0.12337628532351609,0.0260061420278778,0.398299408242257,-0.23582772879881395,0.9737296891013948
LR,8,196613,5084,825,0.17890887041936232,0.0320949090000795,not_applicable,0,0.8062259599991463,0.4700887688151293,0.1125389419082839,0.016241387543380847,0.3593578849841734,-0.12753102270856886,0.9521251443651477
Random Forest,8,196613,5084,825,0.16771357824910194,4.8729662650002865,not_applicable,0,0.8159229296961159,0.4744933612858141,0.11175922470543295,0.02575601346163989,0.35533631033524804,-0.06476726369164192,1.053116775341704
XGBoost,8,196613,5084,825,0.13935338312000153,0.3558768479997525,not_applicable,0,0.8075304346588685,0.44842173771558735,0.11207961686996455,0.014780199040781948,0.3578147970690412,-0.1496688068906507,0.9786605039037957
RuleFit,8,196613,5084,825,0.12394026486827865,4.45204148799985,not_applicable,0,0.8051750659921592,0.4457793234271262,0.11403063041859356,0.020452719751022537,0.36104323254538173,-0.22389554237991785,0.9007087768121832
BRL,8,196613,5084,825,0.13354443512675113,27.80031698000039,not_applicable,0,0.5167131279927711,0.2792350651548485,0.13585657702676293,0.005507747836076826,0.44310857075843885,-0.42657271518685996,0.7219015262414018
EBM,8,196613,5084,825,0.1667220516914778,11.6754093619993,not_applicable,0,0.825165674116132,0.47528128196385955,0.10940899021849941,0.03245739974130339,0.34820494718081413,-0.24649594349904877,0.9767104615792422
EBRO-MH,9,262147,5084,825,0.1465377858587714,2.2470040719999815,hybrid,0,0.7632263940176596,0.4260900389932648,0.12171246826491207,0.03460933736514302,0.3897069106027818,-0.16275765696473637,0.944741051548868
LR,9,262147,5084,825,0.1854104021900705,0.029474485999344324,not_applicable,0,0.805678385166528,0.46508058326937834,0.11260176141626957,0.016235546980608216,0.3593707852526263,-0.11577882216719958,0.9855793803095577
Random Forest,9,262147,5084,825,0.1515337145745905,2.9460387799999808,not_applicable,0,0.8176575807381161,0.4608,0.11217049246198316,0.027884712493627103,0.3567134600758966,-0.19625291348991683,1.014065408932058
XGBoost,9,262147,5084,825,0.16776793981106863,0.2954235899997002,not_applicable,0,0.8081320839292194,0.46586910626319494,0.11250894322413794,0.016873780481390512,0.35845361293445666,-0.14706151544620674,1.000297239710213
RuleFit,9,262147,5084,825,0.1521739003661303,3.6234162230002767,not_applicable,0,0.8091061353141653,0.4562260202302058,0.11161524558117349,0.018503425640960813,0.35691354928103713,-0.04424762040130125,1.0550640297508023
BRL,9,262147,5084,825,0.15476479011445582,22.152313915999912,not_applicable,0,0.500484820024618,0.26542387927208166,0.1360069802442847,0.008100245893145647,0.44367077888487355,-0.42113461230841337,0.7168580434773
EBM,9,262147,5084,825,0.1757423864128615,12.415071612000247,not_applicable,0,0.8304857449821055,0.48416608022519353,0.10758641599521016,0.031081743135856287,0.34380835906114104,-0.17198176418337568,1.059942388279374
