dataset,method,repeat,seed,fold,n_test,positive_test,threshold,training_time_seconds,rule_count,average_condition_length,initializer_mode,reviewed_rule_count,auc,f1,brier,ece,log_loss,calibration_intercept,calibration_slope
pidd,EBRO-MH,0,42,1,154,54,0.34210294217194104,1.7529376400002548,20.0,1.9,hybrid,0,0.7519444444444445,0.616822429906542,0.20066996298325654,0.08286232070651092,0.5856328744651629,0.6206268102393319,1.7808199679377856
pidd,LR,0,42,1,154,54,0.14052249242662349,0.014312525999685022,,,not_applicable,0,0.8172222222222222,0.6447368421052632,0.1702194708851697,0.1118738620159758,0.5104100070365895,0.10190593029688592,0.8305557692040246
pidd,Random Forest,0,42,1,154,54,0.2259436265047155,6.005257120999886,,,not_applicable,0,0.8592592592592593,0.7384615384615385,0.15344669324410584,0.08997344420826892,0.46013537069399774,0.3053015503478531,1.0448302223322146
pidd,XGBoost,0,42,1,154,54,0.24211084086366869,1.2495835459999398,,,not_applicable,0,0.8194444444444444,0.6666666666666666,0.16949542328458356,0.10336301200328324,0.5055805705798083,0.3422186971141268,1.3015004627376263
pidd,RuleFit,0,42,1,154,54,0.20285263618373686,2.667900900999939,29.0,3.413793103448276,not_applicable,0,0.8723148148148148,0.697986577181208,0.14541337620475941,0.07901183072242242,0.44574609650557784,0.3733831261633118,1.3905656161327935
pidd,BRL,0,42,1,154,54,0.5476134389403633,2.7898429080000824,4.0,1.0,not_applicable,0,0.7862962962962963,0.6274509803921569,0.17861556442271231,0.07191012052349452,0.5354665474069045,0.3729926891647874,1.7235244821617492
pidd,EBM,0,42,1,154,54,0.2534522923115914,12.735735140000088,,,not_applicable,0,0.8531481481481481,0.7121212121212122,0.15569206956911869,0.08878437977051694,0.46886312587684453,0.20554085533567523,1.0665223366368528
pidd,EBRO-MH,0,42,2,154,54,0.32819048475471296,1.906742000000122,20.0,1.85,hybrid,0,0.8010185185185185,0.6126126126126126,0.17160510126149375,0.10614019235676145,0.5201965227069641,0.6336482283200964,1.5512945836830538
pidd,LR,0,42,2,154,54,0.3509727189564851,0.01908348599999954,,,not_applicable,0,0.862037037037037,0.7450980392156863,0.1485283322979081,0.0801746935464044,0.455358333373158,0.3095760518831043,0.990949249231932
pidd,Random Forest,0,42,2,154,54,0.14822417247599423,1.8016649569999572,,,not_applicable,0,0.8501851851851852,0.703125,0.15951265176121035,0.10397413742413829,0.4891124679395978,0.33357058143006707,0.7034388823982367
pidd,XGBoost,0,42,2,154,54,0.48285092208187724,0.41068696199999977,,,not_applicable,0,0.8233333333333331,0.56,0.1671077421716354,0.09893264786375995,0.5052446016008235,0.2081422700541304,0.7522021259413283
pidd,RuleFit,0,42,2,154,54,0.347144358462891,1.6341339109999353,26.0,2.8076923076923075,not_applicable,0,0.8544444444444445,0.6728971962616822,0.15189602989979814,0.08247298559633008,0.4695693902314621,0.4042839897593638,0.8754345417065377
pidd,BRL,0,42,2,154,54,0.4651850262473761,2.2308532499996545,4.0,1.25,not_applicable,0,0.8352777777777778,0.7339449541284404,0.15257482134487083,0.07816441106646047,0.47337468293755125,0.38350380306581605,1.2527428705244565
pidd,EBM,0,42,2,154,54,0.3828150278374031,10.120275893000326,,,not_applicable,0,0.8485185185185186,0.6730769230769231,0.15178315018102084,0.07043282203288728,0.48147123897216465,0.2757872055161042,0.815155229600495
pidd,EBRO-MH,0,42,3,154,54,0.44122254908888753,1.9354768070002137,20.0,1.8,hybrid,0,0.6606481481481482,0.46153846153846156,0.207261852789882,0.10888613202726771,0.6037539434188149,-0.13993184467110426,0.7318461268872465
pidd,LR,0,42,3,154,54,0.3279014366012125,0.014184519000082219,,,not_applicable,0,0.8496296296296296,0.6842105263157895,0.15773496727733294,0.0724617186400372,0.4774040751824813,0.5649041133064605,1.4908052910997553
pidd,Random Forest,0,42,3,154,54,0.3828488465609356,1.9814961470001435,,,not_applicable,0,0.8264814814814815,0.6666666666666666,0.16038894861280822,0.06243925058791587,0.4866102620851957,0.2908016790452266,1.1187037075567692
pidd,XGBoost,0,42,3,154,54,0.27053239766210607,2.3519105389996184,,,not_applicable,0,0.782962962962963,0.6666666666666666,0.17526641858285946,0.07846848288031294,0.5258593967995819,0.1670524149200243,1.164481588390295
pidd,RuleFit,0,42,3,154,54,0.3588040071465779,1.6802670130000479,28.0,2.9285714285714284,not_applicable,0,0.8337037037037036,0.6607142857142857,0.15903288422474968,0.06844290525048603,0.48263811439169174,0.2571411934915926,1.2185982005652474
pidd,BRL,0,42,3,154,54,0.31686689122119277,5.259069515000192,4.0,1.25,not_applicable,0,0.7757407407407408,0.6825396825396826,0.17990555334142572,0.061124498939386235,0.5364432773426133,0.30346025357536166,1.1201848973777662
pidd,EBM,0,42,3,154,54,0.2511585099346032,16.926918084000135,,,not_applicable,0,0.8355555555555556,0.6861313868613139,0.15682440986247403,0.0501911510635566,0.47557286339522636,0.3069142476409117,1.231860029927685
pidd,EBRO-MH,0,42,4,153,53,0.366928823570422,1.9901312800002415,20.0,1.8,hybrid,0,0.7678301886792452,0.5773195876288659,0.18504145597096494,0.10298029153290034,0.5479039867756189,0.36061420617604373,1.306216933226432
pidd,LR,0,42,4,153,53,0.14071377595426432,0.014315221999822825,,,not_applicable,0,0.8222641509433963,0.6363636363636364,0.16438688748059682,0.07452564764025539,0.49230999368132383,0.3497178397589623,1.0582015021448563
pidd,Random Forest,0,42,4,153,53,0.18446802100813556,1.747841089999838,,,not_applicable,0,0.829245283018868,0.6857142857142857,0.1596142441739132,0.07577801307385737,0.4788346946951812,0.2809095282255103,1.0485461756905963
pidd,XGBoost,0,42,4,153,53,0.24378239258610274,0.30180325999981505,,,not_applicable,0,0.8,0.6814814814814815,0.1730604575817336,0.060524357978327066,0.5118598096473566,0.20749523745703982,1.065190613698233
pidd,RuleFit,0,42,4,153,53,0.31260263378214775,1.974997870000152,29.0,2.9310344827586206,not_applicable,0,0.815566037735849,0.6829268292682927,0.16971569462713865,0.07137071857687809,0.5057122569928583,0.10388648655053348,0.876817655779241
pidd,BRL,0,42,4,153,53,0.48661094279151224,1.9568551130000742,4.0,1.5,not_applicable,0,0.7456603773584906,0.5631067961165048,0.18916919136229549,0.053783430601342344,0.5530183932030158,0.20388680174210302,1.1421921062730056
pidd,EBM,0,42,4,153,53,0.19480598548791256,10.776257378000082,,,not_applicable,0,0.8239622641509434,0.6573426573426573,0.1634286593499691,0.06917493240113827,0.4853523638795827,0.30915935186101323,1.180793766763894
pidd,EBRO-MH,0,42,5,153,53,0.3731421547603727,2.6437703730002795,20.0,1.9,hybrid,0,0.7154716981132075,0.5932203389830508,0.20668395710117823,0.13385221315056967,0.6000559387833866,-0.4108334133749727,0.619296519240105
pidd,LR,0,42,5,153,53,0.4852090483685894,0.019942975000049046,,,not_applicable,0,0.8158490566037736,0.6495726495726496,0.17128796185204603,0.09326836848340357,0.528172520326396,-0.5753366094634149,0.7568216735433707
pidd,Random Forest,0,42,5,153,53,0.3734359738557205,2.5648400550003316,,,not_applicable,0,0.8028301886792454,0.65625,0.17758513911292007,0.09669805461363412,0.5229862925438004,-0.41208796248813817,0.7639892491995668
pidd,XGBoost,0,42,5,153,53,0.4532279072612828,0.32231848999981594,,,not_applicable,0,0.7571698113207548,0.5535714285714286,0.18551046013294187,0.10764341584762613,0.5437660260205536,-0.24219552942645664,0.8438929721234621
pidd,RuleFit,0,42,5,153,53,0.43915940507213774,1.8941927990003933,27.0,3.074074074074074,not_applicable,0,0.7867924528301887,0.6260869565217392,0.1785673975446149,0.08166601488495716,0.5253771672944494,-0.3175639413624037,0.8757116479531889
pidd,BRL,0,42,5,153,53,0.8309816383098474,2.1170857769998292,4.0,1.25,not_applicable,0,0.764433962264151,0.6138613861386139,0.19244366513640151,0.10442352953875056,0.5758539247322071,-0.4398593957525999,0.6090405689928173
pidd,EBM,0,42,5,153,53,0.22403885915711227,9.570946745000128,,,not_applicable,0,0.8058490566037735,0.6225165562913907,0.1713227630347792,0.1149556954323298,0.5226178060944436,-0.35656600310601644,0.7295794571603048
pidd,EBRO-MH,1,123,1,154,54,0.40678487826691045,2.058559757999774,20.0,1.75,hybrid,0,0.8255555555555554,0.6837606837606838,0.16081251027521917,0.0667466454932508,0.4956481962212689,-0.13061386856350807,1.0669458173557276
pidd,LR,1,123,1,154,54,0.29894647733130214,0.023394347000248672,,,not_applicable,0,0.827037037037037,0.6875,0.15537098833030488,0.0525751122416204,0.5020183051449102,-0.08896989542326743,0.8305230594087302
pidd,Random Forest,1,123,1,154,54,0.3788286100897516,2.172285781000028,,,not_applicable,0,0.8305555555555556,0.6984126984126984,0.15861405519624452,0.10241553757084834,0.4980875086382948,-0.25594405169351747,0.722371823574231
pidd,XGBoost,1,123,1,154,54,0.410571155932157,1.027254893999725,,,not_applicable,0,0.7818518518518519,0.656,0.1823954512581753,0.07647781204176574,0.5608414319294512,-0.25537431763891066,0.6122132710971379
pidd,RuleFit,1,123,1,154,54,0.26135988513804415,1.6389186780002092,26.0,2.8461538461538463,not_applicable,0,0.8035185185185185,0.6811594202898551,0.1701020999188084,0.0737864696952147,0.5212369241973444,-0.21043976350235052,0.725377185474006
pidd,BRL,1,123,1,154,54,0.284798973442526,1.9328750689996923,4.0,1.25,not_applicable,0,0.7792592592592593,0.5974025974025974,0.17135379403621231,0.05342202183543751,0.5230591335367766,-0.10639297585287201,0.8792636793708
pidd,EBM,1,123,1,154,54,0.1929003531231515,11.548487887999727,,,not_applicable,0,0.8448148148148148,0.6573426573426573,0.15037757919736977,0.06771905096776785,0.5030882078242878,-0.16474078504599474,0.6393903077617175
pidd,EBRO-MH,1,123,2,154,54,0.5364585604634208,1.8983259990000079,20.0,1.85,hybrid,0,0.8009259259259258,0.5656565656565656,0.17171547695534795,0.07307689711366068,0.5205140215336403,-0.27207558837203066,0.8904874128360536
pidd,LR,1,123,2,154,54,0.3352765083113244,0.02860757200005537,,,not_applicable,0,0.8414814814814815,0.6942148760330579,0.15792315483289238,0.06923778761048836,0.47356302898553887,-0.10142262945689992,0.9144605564124092
pidd,Random Forest,1,123,2,154,54,0.27652428839411136,2.67606589099978,,,not_applicable,0,0.855,0.6666666666666666,0.14762356961334855,0.060095644538729884,0.4593690865255323,-0.0832969876676649,1.1618332948489878
pidd,XGBoost,1,123,2,154,54,0.26072479911064184,2.6970364489998246,,,not_applicable,0,0.8372222222222222,0.6394557823129252,0.1547092530432887,0.06933431115887906,0.4799231824053205,-0.05131073056120673,1.1017188841984122
pidd,RuleFit,1,123,2,154,54,0.3195988839224216,1.655589362000228,26.0,3.076923076923077,not_applicable,0,0.8446296296296295,0.7096774193548387,0.15279721560860116,0.06811082784845485,0.46984802272903525,0.003077817414681233,1.1167702440333578
pidd,BRL,1,123,2,154,54,0.5656510633124611,2.2541345989998263,5.0,1.4,not_applicable,0,0.8100925925925926,0.6728971962616822,0.16221892723842296,0.03613336327837741,0.48381699085474417,0.07061651622437327,1.0461272946357238
pidd,EBM,1,123,2,154,54,0.47477945114138925,10.796948997000072,,,not_applicable,0,0.8470370370370371,0.6909090909090909,0.15039870770773944,0.048338502867358676,0.4720828285431857,-0.15832319681923585,0.9074228107122312
pidd,EBRO-MH,1,123,3,154,54,0.3409261405313385,2.02080699499993,20.0,1.85,hybrid,0,0.7371296296296297,0.6306306306306306,0.19324798442996646,0.09319308279885831,0.5720440054071416,0.012232948072715981,0.8538862421885035
pidd,LR,1,123,3,154,54,0.28289435562288245,0.03661937399965609,,,not_applicable,0,0.8325925925925926,0.6617647058823529,0.16141568382382182,0.09928551641103905,0.48863625383738274,0.48050391220118593,1.6160548708058893
pidd,Random Forest,1,123,3,154,54,0.40471231660157647,2.8413281439998173,,,not_applicable,0,0.8011111111111111,0.6226415094339622,0.17280266210565035,0.0849274449731803,0.5079556076407282,0.026708863833568835,0.8811880925057188
pidd,XGBoost,1,123,3,154,54,0.31946731166350967,1.5871606480000082,,,not_applicable,0,0.7627777777777778,0.6129032258064516,0.18719124021071942,0.0901219132085548,0.5466573662706419,0.056492739804115275,0.9550183794362546
pidd,RuleFit,1,123,3,154,54,0.28693186330592974,4.820006814999942,26.0,3.0,not_applicable,0,0.7892592592592592,0.6612903225806451,0.1807439569176646,0.0838057205817573,0.5342727625923451,-0.029432398668372026,0.8532155941527534
pidd,BRL,1,123,3,154,54,0.5185185269538614,4.652421502999914,5.0,1.2,not_applicable,0,0.7442592592592593,0.5739130434782609,0.19461745192642166,0.09243265249508165,0.5715415256023458,-0.1794248598224378,0.9463559299152767
pidd,EBM,1,123,3,154,54,0.32910999366256877,11.921018773000014,,,not_applicable,0,0.8305555555555556,0.6774193548387096,0.16238223824285014,0.09610811446119988,0.48429320155251454,0.30853257805818696,1.3905495082412476
pidd,EBRO-MH,1,123,4,153,53,0.4197376051026293,1.8214192740001636,20.0,1.85,hybrid,0,0.7081132075471698,0.5454545454545454,0.1931684468552323,0.06767184692610435,0.5720244030463043,-0.08328810973606629,1.0522820901482866
pidd,LR,1,123,4,153,53,0.5985585315197599,0.018418186999952013,,,not_applicable,0,0.8149056603773586,0.6,0.17095433970318893,0.10879763311430495,0.5174876019502578,-0.2722982981810387,1.0299705457084396
pidd,Random Forest,1,123,4,153,53,0.5186111004821798,1.6816997979999542,,,not_applicable,0,0.8026415094339623,0.6,0.17503250271970175,0.12835689093868063,0.5207743131378952,-0.3860326532425852,0.9081713732041498
pidd,XGBoost,1,123,4,153,53,0.5439837467395978,0.4483424879999802,,,not_applicable,0,0.7750943396226416,0.6407766990291263,0.1875466452866932,0.14111769638332297,0.5526547283836056,-0.3287175671186248,0.8701063437404566
pidd,RuleFit,1,123,4,153,53,0.7417657919976558,2.9678185739999208,29.0,2.8275862068965516,not_applicable,0,0.8191509433962264,0.6046511627906976,0.16671070464901241,0.0956067220630391,0.5044841829279741,-0.39807902800075273,0.889094770040661
pidd,BRL,1,123,4,153,53,0.6976961994045039,2.4170113629998013,6.0,1.3333333333333333,not_applicable,0,0.6879245283018868,0.5490196078431373,0.21313738159519993,0.11010970426486148,0.6272906566425108,-0.3644308962476773,0.5191630606308592
pidd,EBM,1,123,4,153,53,0.6558975615039842,12.158632389000104,,,not_applicable,0,0.8211320754716981,0.525,0.16690060661441813,0.08008365222755166,0.5075024459103449,-0.2748823454461642,0.9286791947423358
pidd,EBRO-MH,1,123,5,153,53,0.36325240987684254,2.3191935129998456,20.0,2.0,hybrid,0,0.7595283018867924,0.5825242718446602,0.1848739131488432,0.06706767528737989,0.5527370538702334,0.5524626834974455,1.826570033075642
pidd,LR,1,123,5,153,53,0.3171566423419222,0.015930677000142168,,,not_applicable,0,0.8471698113207548,0.6782608695652174,0.15359406014985647,0.07394976444688295,0.4682128211854468,0.18916015779893036,1.2253469273410134
pidd,Random Forest,1,123,5,153,53,0.3476414232368302,1.7515929410001263,,,not_applicable,0,0.8550943396226416,0.7419354838709677,0.1514995961983292,0.08413876950647414,0.462818084276409,0.3443369476435789,1.649973248896142
pidd,XGBoost,1,123,5,153,53,0.33031134443608007,0.33846541399998387,,,not_applicable,0,0.8230188679245284,0.6825396825396826,0.16728741577183626,0.07674634033590841,0.5076629703487171,0.4313255962552384,1.820323970131631
pidd,RuleFit,1,123,5,153,53,0.4772869046834937,3.1312043809998613,29.0,2.7586206896551726,not_applicable,0,0.8467924528301887,0.6521739130434783,0.15653499315819858,0.0947346299824261,0.4825174336502564,0.44321923002112473,1.7736726281659023
pidd,BRL,1,123,5,153,53,0.331042011948868,2.022240821000196,4.0,1.5,not_applicable,0,0.7610377358490565,0.631578947368421,0.17916706789944037,0.042233478819564504,0.5387914999362338,0.11646406531308898,1.0506687529705918
pidd,EBM,1,123,5,153,53,0.3937655192326482,10.15614190899987,,,not_applicable,0,0.8341509433962264,0.7027027027027027,0.16283237591740338,0.11356642308595401,0.49455271868942047,0.4364406763827845,1.8700449081526611
pidd,EBRO-MH,2,2024,1,154,54,0.34442133465182456,1.923607556999741,20.0,1.9,hybrid,0,0.7916666666666666,0.6111111111111112,0.1785563789625645,0.07589972477511074,0.5300932257620147,0.3760082268014584,1.1918608722049422
pidd,LR,2,2024,1,154,54,0.2658004929453738,0.016642669000248134,,,not_applicable,0,0.7920370370370371,0.6260869565217392,0.18255101558818504,0.11405499628359676,0.547590162410286,0.24574013933907496,0.7559447270412
pidd,Random Forest,2,2024,1,154,54,0.3429827981708368,1.6184005270001762,,,not_applicable,0,0.8181481481481481,0.6956521739130435,0.16063644647634784,0.06963931130260646,0.5128497693909869,0.1049660672041024,0.7390365410515143
pidd,XGBoost,2,2024,1,154,54,0.35823536283642937,0.31403376800017213,,,not_applicable,0,0.7874074074074074,0.6379310344827587,0.1775796086791276,0.08683375756946858,0.5262123317650489,0.01805731094787004,0.802662189533371
pidd,RuleFit,2,2024,1,154,54,0.15983687871528846,1.6629439029998139,26.0,2.8076923076923075,not_applicable,0,0.79,0.6142857142857143,0.18109799111814656,0.11031539596748792,0.5520726967216227,0.12509102337370737,0.6636298085574933
pidd,BRL,2,2024,1,154,54,0.5397965880349826,2.018404742000257,4.0,1.25,not_applicable,0,0.7324074074074074,0.5740740740740741,0.19530118867532206,0.020079474010800645,0.573959726291724,0.04114045126991255,0.9980219320406191
pidd,EBM,2,2024,1,154,54,0.36660146147030986,11.875845064999794,,,not_applicable,0,0.8203703703703704,0.6792452830188679,0.16641837348076755,0.07558749053593489,0.5340151067885606,0.11057989122994995,0.6622647841945914
pidd,EBRO-MH,2,2024,2,154,54,0.35082795593164123,1.8168912099999943,20.0,1.8,hybrid,0,0.7384259259259259,0.5891472868217055,0.19364102318025378,0.09682138798679474,0.5656299608032289,-0.25238898904699064,0.9800924736163977
pidd,LR,2,2024,2,154,54,0.267640118116862,0.01594218299987915,,,not_applicable,0,0.8474074074074075,0.7101449275362319,0.154458384994301,0.10288411719418611,0.4750820671910703,-0.3752570153345835,0.8736519338584003
pidd,Random Forest,2,2024,2,154,54,0.3942607377598806,1.6195413979999103,,,not_applicable,0,0.8414814814814816,0.7107438016528925,0.1560403663784866,0.08977414029277574,0.47480494303432114,-0.18467319776730273,1.156167360044121
pidd,XGBoost,2,2024,2,154,54,0.34413522294079085,0.34200002499983384,,,not_applicable,0,0.8301851851851851,0.672,0.1614172408110763,0.10939230001489449,0.49043339997073876,0.12327242930845576,1.4221118841355307
pidd,RuleFit,2,2024,2,154,54,0.33791219259048316,1.55192229100021,26.0,3.0,not_applicable,0,0.8488888888888888,0.7142857142857143,0.14880227857992348,0.05063229387565344,0.4608005202983106,-0.08802674915127945,1.234844960075547
pidd,BRL,2,2024,2,154,54,0.4550894526647351,2.130349653000394,4.0,1.5,not_applicable,0,0.7269444444444444,0.543859649122807,0.193531113179451,0.07277758720816009,0.5666897605997934,-0.06553768875320935,0.9325683997843198
pidd,EBM,2,2024,2,154,54,0.4404782687121756,12.5090158349999,,,not_applicable,0,0.8407407407407408,0.6964285714285714,0.1545964542894596,0.0796567367406577,0.46862643239151314,-0.1679291968759672,1.0869171953209218
pidd,EBRO-MH,2,2024,3,154,54,0.39883857920257604,2.0076886010001544,20.0,1.75,hybrid,0,0.8326851851851852,0.6728971962616822,0.159944617744247,0.09734367637252496,0.49056173164558275,0.22919378942556318,1.5634245624468865
pidd,LR,2,2024,3,154,54,0.4396931499377851,0.015368021999620396,,,not_applicable,0,0.8483333333333333,0.6285714285714286,0.15633868939378298,0.08568947983236888,0.4787539275440596,0.16875332510428867,1.5609284942108046
pidd,Random Forest,2,2024,3,154,54,0.28362596477667196,1.653067663999991,,,not_applicable,0,0.8687037037037036,0.7669172932330827,0.13920125914653847,0.0924376478600631,0.4324678466720407,0.05598903680709764,1.4303954967532901
pidd,XGBoost,2,2024,3,154,54,0.23704498191559933,0.3094255979999616,,,not_applicable,0,0.8512962962962962,0.6944444444444444,0.15219552705989356,0.10593900904422743,0.4629414785442455,0.0652498246327686,1.2963007949092493
pidd,RuleFit,2,2024,3,154,54,0.4719874036912709,1.5791831430001366,28.0,2.5357142857142856,not_applicable,0,0.8637037037037036,0.6728971962616822,0.14589158883185074,0.09323672654614876,0.45218627209603063,0.05242581214098662,1.3709211340034804
pidd,BRL,2,2024,3,154,54,0.6530304251442672,2.2027216020001106,5.0,1.2,not_applicable,0,0.8265740740740741,0.7047619047619048,0.15443153532340495,0.05060108237870487,0.4737464149599925,0.08605878659498296,1.2718155486874216
pidd,EBM,2,2024,3,154,54,0.461738274997404,10.294987740999659,,,not_applicable,0,0.8685185185185185,0.6785714285714286,0.14417668932362157,0.08297796852434572,0.4414291380293681,0.06793642897414477,1.5423000855959885
pidd,EBRO-MH,2,2024,4,153,53,0.3599131877308024,1.6428514139997787,20.0,1.85,hybrid,0,0.7816037735849056,0.5981308411214953,0.182605997020686,0.08775644481109958,0.540934997766976,0.24792593802889307,1.171931158345818
pidd,LR,2,2024,4,153,53,0.40734628066694567,0.01479163400017569,,,not_applicable,0,0.8315094339622642,0.6391752577319587,0.15809842096494742,0.08456169493459702,0.4777579977838008,0.3472739521264813,1.2786812617904997
pidd,Random Forest,2,2024,4,153,53,0.3275948235694078,1.7408151459999317,,,not_applicable,0,0.8315094339622642,0.6486486486486487,0.16036585899231978,0.08035960695810825,0.4774983703243435,0.3092781881599788,1.0148504113835175
pidd,XGBoost,2,2024,4,153,53,0.3088613605267271,0.2786097789999076,,,not_applicable,0,0.8164150943396227,0.6902654867256637,0.16712786761973397,0.09677283208156821,0.5012692254692004,0.31806570800852746,1.004996812822014
pidd,RuleFit,2,2024,4,153,53,0.35787092503498813,1.5274676519998138,29.0,2.7241379310344827,not_applicable,0,0.8264150943396227,0.6185567010309279,0.17180719669299674,0.08623064697935601,0.514611392427316,0.3424914083871903,0.8356038692611683
pidd,BRL,2,2024,4,153,53,0.21462741600443355,1.9207772009999644,4.0,1.0,not_applicable,0,0.7339622641509435,0.6056338028169014,0.19126612387355799,0.03838587368606916,0.5668073014645795,0.15449791386505296,0.9279638070259201
pidd,EBM,2,2024,4,153,53,0.3435891347301406,9.712621176000084,,,not_applicable,0,0.8460377358490566,0.6785714285714286,0.1513277790811494,0.10550989956810586,0.4577266280124799,0.41978704451530496,1.174854887244292
pidd,EBRO-MH,2,2024,5,153,53,0.4535848913482495,1.8730560569997579,20.0,1.9,hybrid,0,0.7618867924528302,0.5742574257425742,0.18644222316756484,0.057944601037374754,0.5510786190833747,-0.09944023587369229,0.9162570081771731
pidd,LR,2,2024,5,153,53,0.27603286871348215,0.018358740000167018,,,not_applicable,0,0.8347169811320755,0.6764705882352942,0.15300364917994186,0.07746135079205647,0.47715371688624814,-0.19442080208428472,0.9499419478793902
pidd,Random Forest,2,2024,5,153,53,0.36449790903253254,1.6381778469999517,,,not_applicable,0,0.820754716981132,0.640625,0.16474657388595423,0.07741589357260525,0.4886819741520791,-0.2318488377552394,1.0535083170170825
pidd,XGBoost,2,2024,5,153,53,0.37568770645122196,0.3140811250000297,,,not_applicable,0,0.7750943396226416,0.6190476190476191,0.1821023151976991,0.07575955471825165,0.5413184515091499,-0.3141391076376348,0.9180280697939021
pidd,RuleFit,2,2024,5,153,53,0.4027713394137389,1.7588214460001836,24.0,3.0,not_applicable,0,0.8076415094339622,0.6551724137931034,0.17377076585373538,0.06615482230068147,0.5118216658640435,-0.25676049684761393,0.7437278494853952
pidd,BRL,2,2024,5,153,53,0.3573897878156621,3.2611305329996867,4.0,1.5,not_applicable,0,0.7675471698113208,0.6666666666666666,0.17933939841413157,0.0805137967887862,0.5353154927615649,0.3292120786139946,1.5228149574319412
pidd,EBM,2,2024,5,153,53,0.37422192690028483,9.617794215000231,,,not_applicable,0,0.8177358490566038,0.6507936507936508,0.1663568320280591,0.06561220797299662,0.49172959023168555,-0.2585924885087866,0.8752061593103903
pidd,EBRO-MH,3,3407,1,154,54,0.38230545442110253,2.4922679080000307,20.0,1.85,hybrid,0,0.8192592592592592,0.7572815533980582,0.16257185230201884,0.09992776150793264,0.502909398852579,0.4199497095228814,1.6136862637413094
pidd,LR,3,3407,1,154,54,0.13560058340465855,0.6599637829999665,,,not_applicable,0,0.8644444444444446,0.6451612903225806,0.1412937864243908,0.05228321140076746,0.43575015583036697,0.34750235680982616,1.128945643368237
pidd,Random Forest,3,3407,1,154,54,0.3554324980703839,1.7404086900000948,,,not_applicable,0,0.8692592592592593,0.7079646017699115,0.1432784892390472,0.08469406472493934,0.4362785737350746,0.31331479946065693,1.199001021730243
pidd,XGBoost,3,3407,1,154,54,0.456973373063888,0.3480306839996956,,,not_applicable,0,0.8537037037037036,0.6464646464646465,0.15168047387470518,0.08360315808197138,0.4669086711949232,0.4760301206253425,1.5239725182395554
pidd,RuleFit,3,3407,1,154,54,0.30290920364385393,1.667810579000161,28.0,3.392857142857143,not_applicable,0,0.8851851851851852,0.7719298245614035,0.14056652645625511,0.10897287360305684,0.4370892872915988,0.4187505573922385,1.3311303848958846
pidd,BRL,3,3407,1,154,54,0.39521378424168896,1.9543435579998913,4.0,1.25,not_applicable,0,0.7622222222222222,0.6363636363636364,0.17856071390608397,0.06120764794231348,0.5615865178766674,0.007479380304589319,0.7022266611524403
pidd,EBM,3,3407,1,154,54,0.31803920106992734,10.007775178999964,,,not_applicable,0,0.875925925925926,0.7350427350427351,0.13955432194766398,0.07925963257840425,0.4251385344479193,0.47724364546442677,1.1842211205636088
pidd,EBRO-MH,3,3407,2,154,54,0.20220047303761285,1.700135863000014,20.0,1.95,hybrid,0,0.6552777777777777,0.5465116279069767,0.21632398898641125,0.08592593452171342,0.6211514103511454,-0.30967264816004986,0.6409680333787191
pidd,LR,3,3407,2,154,54,0.4822457796979037,0.020403682999585726,,,not_applicable,0,0.7588888888888888,0.48936170212765956,0.1977561272151499,0.11359782359469865,0.5884219938539637,-0.3223977028237969,0.6347774796510595
pidd,Random Forest,3,3407,2,154,54,0.6203928263912948,1.6817487659996004,,,not_applicable,0,0.7683333333333333,0.5111111111111111,0.18735842427154722,0.07374819881526797,0.5482499352948689,-0.33014270506190263,0.8248091908351955
pidd,XGBoost,3,3407,2,154,54,0.35075503355467835,0.2717758129997492,,,not_applicable,0,0.7114814814814815,0.5734265734265734,0.2031192143103431,0.07693486131574426,0.5833906785974929,-0.28626460076203386,0.8213525702596398
pidd,RuleFit,3,3407,2,154,54,0.6317298031846549,1.4933068840000487,30.0,3.066666666666667,not_applicable,0,0.7631481481481481,0.46511627906976744,0.19020632125964448,0.06269525669258219,0.5587736571019157,-0.22563579089936142,0.8037691036783637
pidd,BRL,3,3407,2,154,54,0.5147558685996528,2.014821381999809,4.0,1.5,not_applicable,0,0.674537037037037,0.55,0.2148418366581046,0.08434730679793243,0.619842115726327,-0.3331569308147301,0.6405405050922282
pidd,EBM,3,3407,2,154,54,0.5300281966575102,12.183598088999588,,,not_applicable,0,0.7712962962962964,0.4583333333333333,0.18661951496516388,0.13273804424911131,0.5485072615754576,-0.2869331578118215,0.8460666249659644
pidd,EBRO-MH,3,3407,3,154,54,0.42568941935733945,1.9727364400000624,20.0,1.85,hybrid,0,0.7841666666666667,0.6422018348623854,0.17606704887712543,0.13527428679057013,0.5261087076938711,-0.3124134704878293,0.8393833051224141
pidd,LR,3,3407,3,154,54,0.5482623569999008,0.013913445999605756,,,not_applicable,0,0.8274074074074074,0.7070707070707071,0.1523725115896134,0.05703554941466805,0.46565867411069933,-0.11732994092025872,1.071856339109021
pidd,Random Forest,3,3407,3,154,54,0.4057717550347455,1.6374543329998232,,,not_applicable,0,0.8470370370370371,0.688,0.15221438670857557,0.07254807077031024,0.4640999127826863,-0.10868255230941823,1.2796005338704146
pidd,XGBoost,3,3407,3,154,54,0.4122879142394383,0.36047784499987756,,,not_applicable,0,0.8170370370370371,0.6611570247933884,0.1657497250535704,0.08832073733054417,0.5001418822022552,-0.015573270661211685,1.3785631861837078
pidd,RuleFit,3,3407,3,154,54,0.5425132385167712,1.6337849040000947,27.0,3.037037037037037,not_applicable,0,0.8387962962962963,0.6666666666666666,0.15598226845215266,0.05672070596722715,0.4719169689011704,-0.3042272230154164,0.9688241907695929
pidd,BRL,3,3407,3,154,54,0.5588468736319037,2.1997224859997004,5.0,1.4,not_applicable,0,0.798611111111111,0.6336633663366337,0.17531324647475707,0.08317536416537527,0.5260359494017328,0.10344942614363246,1.54040271041033
pidd,EBM,3,3407,3,154,54,0.5943486465138222,9.835479693000252,,,not_applicable,0,0.867037037037037,0.7216494845360825,0.14170035143323978,0.07915006146816111,0.4440431571893527,-0.19412550437208492,1.2532409989403233
pidd,EBRO-MH,3,3407,4,153,53,0.3421342552754723,1.7762954439999703,20.0,1.75,hybrid,0,0.6432075471698114,0.4716981132075472,0.21153242666078634,0.09117392275325496,0.612060974847671,-0.13516230910214566,0.739257075712773
pidd,LR,3,3407,4,153,53,0.45214469226002624,0.01733760800016171,,,not_applicable,0,0.8173584905660378,0.5777777777777777,0.16847598401528438,0.10039811412425041,0.5097835702569872,0.4271233720940476,1.3829980320342856
pidd,Random Forest,3,3407,4,153,53,0.3990134632785858,1.8514372999998159,,,not_applicable,0,0.7996226415094341,0.6534653465346535,0.17546414839065255,0.0960587602346587,0.5232191814702584,0.37150894117046357,1.1734921530741271
pidd,XGBoost,3,3407,4,153,53,0.40677058841238617,0.6702055579999069,,,not_applicable,0,0.7683018867924528,0.5773195876288659,0.1814485698084609,0.0715641608556869,0.5457655328835155,0.19160397620823025,1.025019653872723
pidd,RuleFit,3,3407,4,153,53,0.27105635273191186,1.6610678590000134,28.0,2.857142857142857,not_applicable,0,0.7894339622641509,0.6875,0.17158149788516677,0.06106274363893155,0.5223611116544368,0.1906520259087703,0.9712593269552678
pidd,BRL,3,3407,4,153,53,0.22754932407746858,1.9572504620000473,4.0,1.25,not_applicable,0,0.7533962264150943,0.5581395348837209,0.1875734232634871,0.10277330131472584,0.5637164762539155,0.0351406659873327,0.9969567373309541
pidd,EBM,3,3407,4,153,53,0.32972046949338385,12.778518669000277,,,not_applicable,0,0.8105660377358491,0.6666666666666666,0.17167998986949484,0.07782302764719298,0.5162452836931144,0.31726177116119914,1.228913657139093
pidd,EBRO-MH,3,3407,5,153,53,0.3568873478793272,4.178350885000327,20.0,1.95,hybrid,0,0.8023584905660378,0.6666666666666666,0.18529662340773662,0.11001840109265582,0.5535381312784401,0.6874859223319243,2.294100132785371
pidd,LR,3,3407,5,153,53,0.3236924637990595,0.029938936000235117,,,not_applicable,0,0.8600000000000001,0.6764705882352942,0.15063420643258285,0.09721660919693996,0.46581379341812634,0.24341990747772707,1.8189330192025714
pidd,Random Forest,3,3407,5,153,53,0.4586498213805312,1.8119105650002894,,,not_applicable,0,0.8456603773584905,0.6788990825688074,0.1626958425914825,0.08807991165772479,0.49642066057426487,0.2203369766690154,2.078025070063978
pidd,XGBoost,3,3407,5,153,53,0.4063598352664126,0.5177581060002012,,,not_applicable,0,0.8181132075471698,0.6440677966101694,0.17240760225237908,0.09078415427324296,0.5193014915460211,0.18019217249725059,1.916023620223057
pidd,RuleFit,3,3407,5,153,53,0.43107831673715047,1.591118314999676,26.0,2.423076923076923,not_applicable,0,0.820754716981132,0.6607142857142857,0.17500892407784382,0.09947288773159614,0.5283505057647443,0.2843785104136711,2.0641813325290386
pidd,BRL,3,3407,5,153,53,0.48844643737049503,2.0944671880001806,5.0,1.4,not_applicable,0,0.8335849056603774,0.7017543859649122,0.17392820645557705,0.13565306270530977,0.5252069050985937,0.7628196489234356,2.8565091504610716
pidd,EBM,3,3407,5,153,53,0.45404100390243857,11.979617171999962,,,not_applicable,0,0.8620754716981132,0.6909090909090909,0.15354377329660698,0.08322320172139924,0.47128095342977455,0.2437599279268929,1.9906256770066701
pidd,EBRO-MH,4,7777,1,154,54,0.19642093228992927,1.9214914409999437,20.0,1.85,hybrid,0,0.7716666666666666,0.5960264900662252,0.18494986376760322,0.08457265700827693,0.5481700805557851,0.08306760342938718,0.884630445726607
pidd,LR,4,7777,1,154,54,0.18291455920221467,0.01560534700001881,,,not_applicable,0,0.8038888888888889,0.6103896103896104,0.1703227995590186,0.08279216782769923,0.5289267823885839,0.07300057496862719,0.8930671544091121
pidd,Random Forest,4,7777,1,154,54,0.3029702297185784,1.6137340069999482,,,not_applicable,0,0.8057407407407409,0.6666666666666666,0.17203355622668723,0.06855582792109938,0.5188369215251788,0.06198562700497786,0.8357764418306135
pidd,XGBoost,4,7777,1,154,54,0.24292807671415245,0.35588173599990114,,,not_applicable,0,0.7772222222222223,0.6222222222222222,0.18195763997480396,0.053903188980393965,0.5419560545870235,0.14410833715245816,0.882516574843554
pidd,RuleFit,4,7777,1,154,54,0.42998016796072297,1.8419252149997192,24.0,2.9583333333333335,not_applicable,0,0.8060185185185185,0.6185567010309279,0.17225318178312277,0.0799772879809628,0.5238510500479914,0.07084483829272303,0.8433485287916425
pidd,BRL,4,7777,1,154,54,0.5851178832620769,2.3541969369998696,5.0,1.2,not_applicable,0,0.7053703703703704,0.6111111111111112,0.19088907694401122,0.03726727764126653,0.5729853465047874,0.07108110431723734,0.8053930605210432
pidd,EBM,4,7777,1,154,54,0.3398678749599314,10.233655938999618,,,not_applicable,0,0.8418518518518519,0.7207207207207207,0.15878198910631364,0.08901943290667633,0.4900699637501324,0.1269602388113507,0.8805805323728974
pidd,EBRO-MH,4,7777,2,154,54,0.3648936799004943,2.1352545659992757,20.0,1.95,hybrid,0,0.747037037037037,0.5862068965517241,0.18344737653927404,0.06279013510628091,0.5437416627473859,-0.12016826874882039,1.021841351794112
pidd,LR,4,7777,2,154,54,0.15940210281682055,0.022595382999497815,,,not_applicable,0,0.8483333333333333,0.6709677419354839,0.15308117963498338,0.07462758303733844,0.4610043901168887,-0.2151651437729977,0.8767732075481897
pidd,Random Forest,4,7777,2,154,54,0.3137460550893793,1.6172730810003486,,,not_applicable,0,0.8553703703703703,0.7164179104477612,0.15040510409569746,0.10341435847843242,0.446539471354896,-0.315686881454201,0.8838102299934272
pidd,XGBoost,4,7777,2,154,54,0.2859572421883419,0.2670071980001012,,,not_applicable,0,0.847037037037037,0.6666666666666666,0.15283617054715512,0.06508442829011288,0.46803239384002626,-0.03783453661916264,1.3933005445345736
pidd,RuleFit,4,7777,2,154,54,0.34498025401443805,1.9388677570004802,25.0,2.76,not_applicable,0,0.8473148148148149,0.6870229007633588,0.15210251261203306,0.06711521604287983,0.4631833403638271,-0.30178831685104424,0.9233682419017789
pidd,BRL,4,7777,2,154,54,0.3302312108187224,2.516280431999803,5.0,1.4,not_applicable,0,0.7785185185185185,0.6814814814814815,0.17427985180271938,0.052752024600631844,0.5258360648911038,-0.14427142152868758,0.9782985176379125
pidd,EBM,4,7777,2,154,54,0.2330094382329512,9.84470896699986,,,not_applicable,0,0.8622222222222222,0.6802721088435374,0.14529278031368562,0.08101080757495437,0.43575097259108997,-0.253288630749256,1.0675899322980873
pidd,EBRO-MH,4,7777,3,154,54,0.4393189870066255,1.8666612020006141,20.0,1.75,hybrid,0,0.7933333333333333,0.6126126126126126,0.17388135309216968,0.07007051937954405,0.5214073184330479,-0.036654441773619935,1.1128220405397617
pidd,LR,4,7777,3,154,54,0.3062846181477504,0.015723127999990538,,,not_applicable,0,0.7987037037037037,0.64,0.18082295280914057,0.11191050092260083,0.53833051810463,-0.16702685838209513,0.7452713116272728
pidd,Random Forest,4,7777,3,154,54,0.3242785252751578,1.6327878120000605,,,not_applicable,0,0.7938888888888889,0.65625,0.17500563194129004,0.10576258968793598,0.5252423008028146,-0.1628299443287517,0.7281045789286681
pidd,XGBoost,4,7777,3,154,54,0.2896556248286164,0.380472280999129,,,not_applicable,0,0.7531481481481482,0.6466165413533834,0.1947243661973002,0.12806106183560936,0.5649677657578289,-0.21341059137925467,0.680241527657607
pidd,RuleFit,4,7777,3,154,54,0.43304169640556234,1.633995940999739,29.0,3.3448275862068964,not_applicable,0,0.7787037037037037,0.6153846153846154,0.19153632215250926,0.10516198082521161,0.5655054259710686,-0.29272767246326237,0.6324502020463638
pidd,BRL,4,7777,3,154,54,0.3227403912358593,2.0145494910002526,4.0,1.25,not_applicable,0,0.7440740740740741,0.5957446808510638,0.18429338140046272,0.05744916617806237,0.5560459156807099,-0.09393193256794391,0.8558526350517872
pidd,EBM,4,7777,3,154,54,0.3958189728105845,10.5731359600004,,,not_applicable,0,0.8066666666666666,0.628099173553719,0.1738109053503717,0.08891347251667228,0.5079755416193659,-0.15611010184328256,0.8099221612629716
pidd,EBRO-MH,4,7777,4,153,53,0.3811152572395745,1.597305016000064,20.0,1.8,hybrid,0,0.7713207547169811,0.5981308411214953,0.18548496000918507,0.059551118423308735,0.5458593245506389,0.12728375294799077,0.9118941211103843
pidd,LR,4,7777,4,153,53,0.422158827803937,0.023170108000158507,,,not_applicable,0,0.8424528301886792,0.6534653465346535,0.15270236778938315,0.04972712985924491,0.46166770799685236,0.23989778497159817,1.2203498943756126
pidd,Random Forest,4,7777,4,153,53,0.3439201748106846,1.6408629649995419,,,not_applicable,0,0.8443396226415095,0.6956521739130435,0.1493654778588306,0.06295811608882082,0.4632777506976415,0.2609855272555297,1.0116410406434613
pidd,XGBoost,4,7777,4,153,53,0.3861879804519031,0.2845341450001797,,,not_applicable,0,0.8249056603773585,0.6491228070175439,0.16055633004321562,0.058758769367116645,0.4867779162758751,0.24181373359321356,1.1981716533189617
pidd,RuleFit,4,7777,4,153,53,0.5354378452688825,1.6664903149994643,28.0,2.7857142857142856,not_applicable,0,0.8233018867924528,0.5869565217391305,0.1656268589122354,0.07555157897091294,0.5001801941204543,0.16822801994025838,0.8592051544763191
pidd,BRL,4,7777,4,153,53,0.320349621480529,2.1132306980007343,4.0,1.0,not_applicable,0,0.7675471698113208,0.6131386861313869,0.17977428473529541,0.07379963984585955,0.541516156561499,0.18732335236223227,1.3426921138998318
pidd,EBM,4,7777,4,153,53,0.2879802279097008,11.265693080000347,,,not_applicable,0,0.8533962264150944,0.72,0.14673633540992115,0.06821051964255212,0.4509202536029104,0.20162568438964573,1.053737853243737
pidd,EBRO-MH,4,7777,5,153,53,0.4977797573937608,1.9131060050003725,20.0,1.9,hybrid,0,0.795188679245283,0.5842696629213483,0.16917678070545356,0.09359642093672176,0.5139668998515541,0.19264264981672521,1.479713867477094
pidd,LR,4,7777,5,153,53,0.4167330529196875,0.14782861700041394,,,not_applicable,0,0.8686792452830189,0.7567567567567568,0.13331859807297375,0.07781585470926983,0.4292075613471895,-0.14682978387432266,1.033617847084877
pidd,Random Forest,4,7777,5,153,53,0.4294826469759193,2.0110022239996397,,,not_applicable,0,0.8516981132075471,0.7350427350427351,0.14720538486716156,0.07515712001531101,0.4608200290702316,-0.2167035547677493,0.8406274016005296
pidd,XGBoost,4,7777,5,153,53,0.3402217068409868,0.33901829099977476,,,not_applicable,0,0.8220754716981132,0.6666666666666666,0.16156393234947233,0.07814570993354018,0.49186913159232926,-0.2883543286289776,0.8961445830768349
pidd,RuleFit,4,7777,5,153,53,0.26803333347568137,1.512723790000564,26.0,2.4615384615384617,not_applicable,0,0.8775471698113206,0.706766917293233,0.13362334892052638,0.045082814967019644,0.41489699752371334,-0.17832774014021283,1.153511088718782
pidd,BRL,4,7777,5,153,53,0.4548699918299399,1.996853525000006,4.0,1.25,not_applicable,0,0.7914150943396226,0.6666666666666666,0.1772567583753723,0.08894711336457824,0.532371526330505,-0.00992841993052051,1.0892141838015654
pidd,EBM,4,7777,5,153,53,0.2928682915228014,10.789044348000061,,,not_applicable,0,0.8537735849056605,0.6875,0.14445949974659664,0.07922871928957745,0.4713808221547892,-0.22279058898268914,0.6630154893544543
pidd,EBRO-MH,5,104729,1,154,54,0.33220952874472137,4.524162181000065,20.0,1.9,hybrid,0,0.7551851851851854,0.6238532110091743,0.18409333686631157,0.06894596468592173,0.5477111980441807,0.2530475707616562,1.1347633839162767
pidd,LR,5,104729,1,154,54,0.3428430508523388,0.019738087999940035,,,not_applicable,0,0.8238888888888889,0.672566371681416,0.16800387380756862,0.08401781057238993,0.49747614359168507,0.06262230598684608,0.867781351792812
pidd,Random Forest,5,104729,1,154,54,0.32251617898952323,4.546398913000303,,,not_applicable,0,0.8200000000000001,0.6551724137931034,0.1691698727780466,0.11373519530496465,0.49886558648617735,0.24607101857458022,0.8919324652012129
pidd,XGBoost,5,104729,1,154,54,0.43103264718136886,0.39056654700016225,,,not_applicable,0,0.7683333333333333,0.5319148936170213,0.19117224301700114,0.09307406971274325,0.554054271470978,0.29416112430400876,0.9242407925414249
pidd,RuleFit,5,104729,1,154,54,0.2871210807323299,1.5086135129995455,22.0,2.9545454545454546,not_applicable,0,0.8156481481481481,0.6386554621848739,0.1704315083408835,0.08743152826051133,0.508983162070322,0.1998687336219808,0.8196773129712741
pidd,BRL,5,104729,1,154,54,0.6608210078402946,1.9971739999991769,4.0,1.75,not_applicable,0,0.7224074074074074,0.5504587155963303,0.19939554384315963,0.09301699749064848,0.5800213958588832,-0.12237451329429298,0.6742695996776417
pidd,EBM,5,104729,1,154,54,0.2828277976517453,11.654805733000103,,,not_applicable,0,0.8357407407407407,0.6724137931034483,0.16651068625029733,0.08517016159827541,0.48568397994036344,0.334184681745756,0.9131833152868097
pidd,EBRO-MH,5,104729,2,154,54,0.33270764901187294,1.8724100739991627,20.0,1.85,hybrid,0,0.7526851851851852,0.5853658536585366,0.1845881110442718,0.054975062514420185,0.5499052882987953,-0.06715775214825621,0.9998811144724195
pidd,LR,5,104729,2,154,54,0.5325677466204489,0.02110999699925742,,,not_applicable,0,0.7799999999999999,0.6041666666666666,0.17299210526793396,0.061279642893813824,0.5240591006427119,-0.16642657403776048,0.8922133121914931
pidd,Random Forest,5,104729,2,154,54,0.3233936932981867,1.6756185450003613,,,not_applicable,0,0.7940740740740742,0.6614173228346457,0.17398983233399984,0.08995584816489781,0.530891977121533,-0.14546070914544657,0.7009655735271172
pidd,XGBoost,5,104729,2,154,54,0.3751258096957697,0.2571700939997754,,,not_applicable,0,0.7529629629629631,0.5950413223140496,0.1988187087890443,0.11793778820565318,0.5973302443541778,-0.2540992923674532,0.5313750507241454
pidd,RuleFit,5,104729,2,154,54,0.41715368775978234,1.5768983289999596,29.0,2.8620689655172415,not_applicable,0,0.7939814814814814,0.6607142857142857,0.17143541198749854,0.08500924769529782,0.5188932369349231,-0.13164799539867994,0.7810063998343814
pidd,BRL,5,104729,2,154,54,0.5608255638859231,2.0493933130001096,5.0,1.2,not_applicable,0,0.7571296296296297,0.6274509803921569,0.19171210756894644,0.09919092369677394,0.5744928506803431,-0.10182009484571042,0.9340773912037076
pidd,EBM,5,104729,2,154,54,0.39791401883831673,11.92160283999965,,,not_applicable,0,0.8001851851851852,0.65,0.17313290813866788,0.09068178723839106,0.5267001166096965,-0.20597834990443178,0.7020794534068057
pidd,EBRO-MH,5,104729,3,154,54,0.38515655802979326,1.6729140170000392,20.0,1.85,hybrid,0,0.7422222222222221,0.5471698113207547,0.19456845404651205,0.04872985154964964,0.5683470537548325,-0.03817533131056486,0.8712026675384744
pidd,LR,5,104729,3,154,54,0.26705645321856736,0.013110376999975415,,,not_applicable,0,0.8105555555555555,0.6666666666666666,0.17110107933657617,0.05709153151907373,0.5153307062937489,0.15251524497842536,1.02075771942293
pidd,Random Forest,5,104729,3,154,54,0.30085250537676966,1.6288782970004831,,,not_applicable,0,0.83,0.7022900763358778,0.1604237312194552,0.06979136971909593,0.48622465231188966,0.019711395326683243,0.9371375378168736
pidd,XGBoost,5,104729,3,154,54,0.23952158506948557,0.3619665670003087,,,not_applicable,0,0.8183333333333334,0.6573426573426573,0.16429309122537558,0.06745475878503547,0.4928782434544974,0.05875745373142764,1.1035111746664004
pidd,RuleFit,5,104729,3,154,54,0.18522039620266673,1.5259068839995962,28.0,2.892857142857143,not_applicable,0,0.8337037037037037,0.697986577181208,0.16011559807321232,0.06506393136273031,0.48243724163882507,0.0943013121765452,1.115155092736536
pidd,BRL,5,104729,3,154,54,0.3817335472283824,1.9352236459999403,5.0,1.0,not_applicable,0,0.7774074074074073,0.6349206349206349,0.17476618651482012,0.06346233856174571,0.5293772751170679,0.13066105139793296,1.3223387653876337
pidd,EBM,5,104729,3,154,54,0.2946087310173198,9.75315654499991,,,not_applicable,0,0.8305555555555555,0.706766917293233,0.1556240088078273,0.08754601318116342,0.47677426413557195,0.106645579539186,1.031205546348622
pidd,EBRO-MH,5,104729,4,153,53,0.45102922642917104,1.5001007720002235,20.0,1.95,hybrid,0,0.6802830188679245,0.46153846153846156,0.20448192534688878,0.11014261938587631,0.6000861239353282,-0.18431524188645387,0.6620025198059151
pidd,LR,5,104729,4,153,53,0.1266065402183302,0.03727457399963896,,,not_applicable,0,0.8530188679245283,0.6622516556291391,0.1572912493749489,0.08776501629151515,0.5029605234472934,-0.37514311450888166,0.6176483045682027
pidd,Random Forest,5,104729,4,153,53,0.23125096769464212,1.590129877000436,,,not_applicable,0,0.840566037735849,0.6962962962962963,0.15673544080877164,0.0690232753528701,0.4763874759092896,-0.2579443741683104,0.7873901429750788
pidd,XGBoost,5,104729,4,153,53,0.1806751160198695,0.3272779159997299,,,not_applicable,0,0.8381132075471698,0.6666666666666666,0.1535909872104496,0.04782541688332983,0.4695314597758483,-0.18491956919744146,1.0334958211742826
pidd,RuleFit,5,104729,4,153,53,0.20153022584941993,1.434912923000411,26.0,2.5384615384615383,not_applicable,0,0.8511320754716981,0.6715328467153284,0.15150834895306098,0.06989322117457814,0.46514305904645525,-0.32612138059502227,0.830874883666073
pidd,BRL,5,104729,4,153,53,0.6302819289056928,1.974285031999898,5.0,1.2,not_applicable,0,0.7904716981132075,0.6153846153846154,0.17171078233903173,0.07127271001485533,0.5231749774042271,-0.0187357536589815,1.1860699931234073
pidd,EBM,5,104729,4,153,53,0.16954401750356143,9.45499646999997,,,not_applicable,0,0.858867924528302,0.6758620689655173,0.1462365324555681,0.059640305196257334,0.4554953246042535,-0.30041403001143396,0.7918074118203883
pidd,EBRO-MH,5,104729,5,153,53,0.4543463677817292,1.8018782789995385,20.0,1.9,hybrid,0,0.7316037735849056,0.6136363636363636,0.18599089408728606,0.15657815039823444,0.5637817935285077,0.011093673058994141,1.0258697712961298
pidd,LR,5,104729,5,153,53,0.40098967496612903,0.016280169999845384,,,not_applicable,0,0.829622641509434,0.6666666666666666,0.1529940955339273,0.06138176071997683,0.4758696230202004,-0.009662955852625735,0.7958399785565046
pidd,Random Forest,5,104729,5,153,53,0.4960432101142457,4.692525069999647,,,not_applicable,0,0.8490566037735849,0.6391752577319587,0.15520259708336787,0.060044844876622656,0.4602609841752578,0.13441750404263966,0.9217611326011357
pidd,XGBoost,5,104729,5,153,53,0.4957772669015464,0.4968200160001288,,,not_applicable,0,0.7915094339622641,0.5054945054945055,0.1772875108427968,0.11419130213375844,0.5196989196357266,0.12025473794436901,0.9798443089351176
pidd,RuleFit,5,104729,5,153,53,0.49528563334129816,2.713270733000172,29.0,2.7586206896551726,not_applicable,0,0.8313207547169812,0.6,0.16151227070380422,0.04542776482114957,0.48116357759645806,0.09929965194676996,0.9545674852003715
pidd,BRL,5,104729,5,153,53,0.2983941840398204,1.9908819010006482,4.0,1.25,not_applicable,0,0.7060377358490566,0.5857142857142857,0.18798415058432005,0.0710641664435558,0.5632772494708257,0.12508176195840398,1.0584512642601296
pidd,EBM,5,104729,5,153,53,0.4892573825631401,9.83672095699967,,,not_applicable,0,0.8464150943396227,0.64,0.1516344335993886,0.07073639481370604,0.45741529476545867,0.07601099645289382,0.83003034635034
pidd,EBRO-MH,6,130363,1,154,54,0.3538298268711972,1.944362044000627,20.0,1.75,hybrid,0,0.7843518518518519,0.640625,0.18459532603456605,0.10560409737505502,0.5418073186069216,-0.2285937744698823,0.8866582538288397
pidd,LR,6,130363,1,154,54,0.31928506676158275,0.019610664000538236,,,not_applicable,0,0.7992592592592592,0.5925925925925926,0.17236559250976075,0.10796119106295224,0.515181710074011,-0.3107629692435148,0.871243747937081
pidd,Random Forest,6,130363,1,154,54,0.35360061615391486,1.6325224039992463,,,not_applicable,0,0.7703703703703704,0.6268656716417911,0.1899289790334818,0.13361599487705578,0.5691461271041105,-0.37588082758199665,0.6395288541337544
pidd,XGBoost,6,130363,1,154,54,0.30731838582066545,0.2965869179997753,,,not_applicable,0,0.7631481481481481,0.6015037593984962,0.18762253319351493,0.08076635597560168,0.5515699419747188,-0.2988777883271884,0.7762662856157962
pidd,RuleFit,6,130363,1,154,54,0.34383031606327036,1.6821511429998282,28.0,3.0,not_applicable,0,0.7849074074074074,0.6259541984732825,0.1854184436213862,0.11772477035473122,0.5558753975504837,-0.41648970912296795,0.6638305374769433
pidd,BRL,6,130363,1,154,54,0.5808544857093982,2.1617715500005943,5.0,1.6,not_applicable,0,0.7001851851851852,0.5873015873015873,0.21108896333312704,0.12823345089494687,0.6055215833764892,-0.3478723640417027,0.652606587547148
pidd,EBM,6,130363,1,154,54,0.3745927034868179,10.43800859700059,,,not_applicable,0,0.8044444444444444,0.6612903225806451,0.1744375794425884,0.08175094431375621,0.5242318889217034,-0.30393969965694945,0.7186845245648361
pidd,EBRO-MH,6,130363,2,154,54,0.38663525651169556,1.9515738129994133,20.0,1.8,hybrid,0,0.8075,0.631578947368421,0.16932625494860015,0.14176121154945837,0.5127205587494025,0.09941181793895366,1.4685082277483184
pidd,LR,6,130363,2,154,54,0.3024467089681959,0.023700478000137082,,,not_applicable,0,0.847962962962963,0.6984126984126984,0.15200265001437394,0.060486960142081964,0.46514967470086677,-0.011795942705308754,1.0712062123819013
pidd,Random Forest,6,130363,2,154,54,0.3384364183764208,1.6304603569997198,,,not_applicable,0,0.8942592592592592,0.7633587786259542,0.13973020569803238,0.10692415311906377,0.4327074784016884,0.3603757605950679,1.9495413513904611
pidd,XGBoost,6,130363,2,154,54,0.3014075795396892,0.38498755199998413,,,not_applicable,0,0.875925925925926,0.7194244604316546,0.1491588957444432,0.11830346856879154,0.45865010074546814,0.6642672552860314,2.1616798889923703
pidd,RuleFit,6,130363,2,154,54,0.27592195299021377,1.6915683629995328,26.0,2.8461538461538463,not_applicable,0,0.8860185185185185,0.7205882352941176,0.1383730743466576,0.10082511692006088,0.43092281226248413,0.35766916190865783,1.6732113311467667
pidd,BRL,6,130363,2,154,54,0.5848501439034169,2.036380076000569,4.0,1.75,not_applicable,0,0.8079629629629629,0.6902654867256637,0.1662073750686087,0.05902192870545444,0.5055867296780112,0.1352171122362914,1.3773537912631788
pidd,EBM,6,130363,2,154,54,0.3847531621158884,12.361323309,,,not_applicable,0,0.893888888888889,0.7768595041322314,0.13496877034742746,0.10558557097937159,0.4163579091711529,0.3087850608097297,1.736611962240709
pidd,EBRO-MH,6,130363,3,154,54,0.38038238302915,1.9625998550000077,20.0,1.95,hybrid,0,0.7586111111111111,0.5714285714285714,0.1850907127042805,0.10350341567496818,0.5495573849193149,-0.21173932174113344,1.1180207437139122
pidd,LR,6,130363,3,154,54,0.25736304908155344,0.023760605999996187,,,not_applicable,0,0.8229629629629629,0.6622516556291391,0.16711004800678983,0.08478266161295739,0.5053896755865485,-0.11444119938583627,1.2581274917167187
pidd,Random Forest,6,130363,3,154,54,0.2894301730072508,1.638377486000536,,,not_applicable,0,0.8377777777777778,0.6496815286624203,0.1631873418363244,0.0922407896940285,0.4965339667259044,-0.12793014991603352,1.7023002516530963
pidd,XGBoost,6,130363,3,154,54,0.38283979932437895,0.35561261600014404,,,not_applicable,0,0.8072222222222222,0.6774193548387096,0.173373209260353,0.11421482882192523,0.524912256273424,0.002544069993879243,1.5122006515661204
pidd,RuleFit,6,130363,3,154,54,0.4303627119296449,1.6029815379997672,24.0,3.3333333333333335,not_applicable,0,0.8049074074074076,0.7017543859649122,0.1754074100964418,0.1041791574203172,0.5314462206162556,0.0009589292219834035,1.635404910327911
pidd,BRL,6,130363,3,154,54,0.4960795264341327,2.159107571000277,5.0,1.6,not_applicable,0,0.7580555555555555,0.65,0.18676399868393517,0.0835268958835614,0.5555649773599015,0.014790411158422988,1.591631242655899
pidd,EBM,6,130363,3,154,54,0.32352245713014044,15.15793998799927,,,not_applicable,0,0.8287037037037038,0.6857142857142857,0.16646743395947514,0.090396397072248,0.5054657955089976,0.005804683343495303,1.5575182197525956
pidd,EBRO-MH,6,130363,4,153,53,0.27484371800349544,1.9765248329995302,20.0,1.9,hybrid,0,0.7541509433962263,0.578125,0.18553352974293028,0.10283040415775505,0.5502532937838824,0.21311206115069892,1.096666386321363
pidd,LR,6,130363,4,153,53,0.29026196428008316,0.05283169300037116,,,not_applicable,0,0.8343396226415095,0.6779661016949152,0.15800074349917184,0.06230704427395897,0.48338255631828086,0.3080462087745242,1.1512788921516137
pidd,Random Forest,6,130363,4,153,53,0.3590770861373262,2.248039031999724,,,not_applicable,0,0.85,0.7428571428571429,0.1483067845308442,0.07320790405289086,0.4786682238443797,0.40674085777130187,0.9418142339430868
pidd,XGBoost,6,130363,4,153,53,0.31111734486659554,0.3465539569997418,,,not_applicable,0,0.8269811320754717,0.6666666666666666,0.16470852336070937,0.07478799065801936,0.5001357654519134,0.579845264662841,1.1010120852507719
pidd,RuleFit,6,130363,4,153,53,0.32065035315689744,1.452469762999499,29.0,2.4482758620689653,not_applicable,0,0.8373584905660377,0.7238095238095238,0.1556294256809078,0.06911129435759703,0.48047470748752696,0.527550601039848,1.1623702103149
pidd,BRL,6,130363,4,153,53,0.5289795629029969,2.1164642590001677,5.0,1.2,not_applicable,0,0.7332075471698114,0.5684210526315789,0.18134275653047438,0.058206422459512214,0.551798547483921,0.15317300782377966,1.0021610982903906
pidd,EBM,6,130363,4,153,53,0.37237554974802584,11.67608201999974,,,not_applicable,0,0.8537735849056605,0.7115384615384616,0.14693736665291746,0.08274053235465294,0.4659810303094322,0.29322989957728457,0.9685229705011953
pidd,EBRO-MH,6,130363,5,153,53,0.41007256257497304,2.0225485720002325,20.0,1.95,hybrid,0,0.7745283018867924,0.6666666666666666,0.17501866458519205,0.0733013167259223,0.5295039570186392,-0.06629826551321508,1.0521121198188985
pidd,LR,6,130363,5,153,53,0.4328272653783691,0.08631911000065884,,,not_applicable,0,0.860754716981132,0.6538461538461539,0.15244386313279626,0.09774732330805405,0.4744594609503335,0.13876137431680086,1.5717213069424156
pidd,Random Forest,6,130363,5,153,53,0.293905082695978,2.1276906209996014,,,not_applicable,0,0.8592452830188679,0.6666666666666666,0.1490703068403014,0.1029797874360176,0.4555072875052976,-0.03839603899806705,1.4179612069450356
pidd,XGBoost,6,130363,5,153,53,0.4520250624271634,0.3281518430003416,,,not_applicable,0,0.819811320754717,0.6194690265486725,0.16360707933311353,0.07499324768145939,0.4883632210371785,-0.05109611845125424,1.1988752496055204
pidd,RuleFit,6,130363,5,153,53,0.41261218682686646,1.5117791749999014,29.0,2.9655172413793105,not_applicable,0,0.8456603773584905,0.6611570247933884,0.15496796411018224,0.10117408170075164,0.47000498659607176,-0.04338327354855527,1.223021400971814
pidd,BRL,6,130363,5,153,53,0.5484192837955629,2.0276391400002467,4.0,1.25,not_applicable,0,0.7584905660377358,0.6290322580645161,0.18548063347362317,0.06207492897795779,0.5450845546481093,-0.29373714869979867,1.2366556649034508
pidd,EBM,6,130363,5,153,53,0.3709516042588848,10.077871899999991,,,not_applicable,0,0.8528301886792453,0.6615384615384615,0.1542493489591293,0.07922402734190816,0.47009875883810576,0.008396192942591899,1.6166759888773397
pidd,EBRO-MH,7,155921,1,154,54,0.4587741019396254,1.7632173619995228,20.0,1.85,hybrid,0,0.7652777777777777,0.5384615384615384,0.18475289092289282,0.0968487494109829,0.5462738156535026,-0.20734309574376797,0.8719941585245828
pidd,LR,7,155921,1,154,54,0.4290770177397478,0.014270262000536604,,,not_applicable,0,0.8709259259259259,0.7184466019417476,0.13925385226436776,0.05714421362700778,0.43333953633478345,0.25982135473580154,1.3195893919787205
pidd,Random Forest,7,155921,1,154,54,0.5468580492150236,1.644926060999751,,,not_applicable,0,0.8509259259259259,0.5918367346938775,0.1493615949161333,0.05803964555274093,0.44734848694879104,0.003941520691817888,1.082406925894399
pidd,XGBoost,7,155921,1,154,54,0.33390115653330915,0.34300032099963573,,,not_applicable,0,0.8051851851851852,0.6307692307692307,0.16947622972966664,0.0809934186481383,0.5039206092949363,-0.01174187178873746,1.1703547945465034
pidd,RuleFit,7,155921,1,154,54,0.4845672533190994,1.974140568000621,28.0,3.0,not_applicable,0,0.8510185185185186,0.6728971962616822,0.149719186569227,0.07540168099586521,0.4579762286361223,-0.12817309167463403,1.0785275613041485
pidd,BRL,7,155921,1,154,54,0.45613031437922347,2.2410554620000767,5.0,1.2,not_applicable,0,0.7774074074074074,0.6451612903225806,0.18064904372512794,0.0817192748348326,0.5398033206313123,0.08818753838966426,1.2334566976423678
pidd,EBM,7,155921,1,154,54,0.3786382810157551,10.159290546999728,,,not_applicable,0,0.8703703703703703,0.7058823529411765,0.13844291953111393,0.06645386770008915,0.42272160006270687,0.04285218392211432,1.1575061011605545
pidd,EBRO-MH,7,155921,2,154,54,0.3780301991567733,2.029001787999732,20.0,1.95,hybrid,0,0.658425925925926,0.5052631578947369,0.21522609743544108,0.0936581178764258,0.6206854665185574,-0.13718849098508204,0.6617117242108852
pidd,LR,7,155921,2,154,54,0.2484028280471018,0.017217404999428254,,,not_applicable,0,0.7831481481481481,0.6466165413533834,0.182657364491855,0.08784872393047154,0.545590817264654,-0.018708594543142856,0.7689318702734379
pidd,Random Forest,7,155921,2,154,54,0.34335019430918184,1.6605236619998323,,,not_applicable,0,0.7911111111111111,0.7058823529411765,0.18074148050356623,0.11634573934428047,0.5422771738305788,-0.10767316149735896,0.6700567881067914
pidd,XGBoost,7,155921,2,154,54,0.27914742011315435,0.3887873049998234,,,not_applicable,0,0.789074074074074,0.6717557251908397,0.17891430148339843,0.06133773647365339,0.5331380181873995,-0.06829988010884293,0.79718208678929
pidd,RuleFit,7,155921,2,154,54,0.264847519927719,1.4382900319997134,28.0,2.7857142857142856,not_applicable,0,0.7937037037037037,0.6456692913385826,0.18189531904325565,0.10435132734122642,0.5353952533364695,-0.016972222681244556,0.7923044613917908
pidd,BRL,7,155921,2,154,54,0.2686507767147532,2.1047562429994287,4.0,1.25,not_applicable,0,0.7050000000000001,0.5753424657534246,0.20288919599043825,0.06417774294521157,0.5947907876339094,-0.12822299475761187,0.7060663508670496
pidd,EBM,7,155921,2,154,54,0.26971871558759897,13.024927029000537,,,not_applicable,0,0.7881481481481482,0.676923076923077,0.17790719089029772,0.08315042512564706,0.5440516153295939,-0.05443114912226881,0.71124895270817
pidd,EBRO-MH,7,155921,3,154,54,0.38089955420820737,1.9226432369996473,20.0,1.95,hybrid,0,0.7397222222222222,0.5319148936170213,0.19092649435263925,0.05004325087016419,0.565810050907304,0.32160052623198654,1.3100254757719745
pidd,LR,7,155921,3,154,54,0.26860427919002,0.014619992000007187,,,not_applicable,0,0.7968518518518518,0.6218487394957983,0.17689331188216767,0.11105548271823187,0.5283123244905484,0.15547974702498624,0.8381478515561056
pidd,Random Forest,7,155921,3,154,54,0.20730458138162666,1.9830955099996572,,,not_applicable,0,0.8222222222222222,0.6857142857142857,0.1623601535527604,0.08133197077408877,0.49110986942027623,0.12317378787216916,0.9310923443359881
pidd,XGBoost,7,155921,3,154,54,0.21669972534436108,0.4157306699999026,,,not_applicable,0,0.8274074074074075,0.6712328767123288,0.16130176594693268,0.05727506674924918,0.4932190047978573,0.35382498113710664,1.2004470692515719
pidd,RuleFit,7,155921,3,154,54,0.20898754695274052,1.4781702050004242,29.0,2.4827586206896552,not_applicable,0,0.8056481481481481,0.6518518518518519,0.16773236140299055,0.08637397913925095,0.5121912816084382,0.14639990001072495,0.8829688715662342
pidd,BRL,7,155921,3,154,54,0.5471156804871301,2.0057708560007086,5.0,1.2,not_applicable,0,0.752962962962963,0.6060606060606061,0.1829826542007593,0.03659229505874732,0.5497601386961465,0.1493096371292826,0.9108873150420405
pidd,EBM,7,155921,3,154,54,0.33665932374910323,10.123003130000143,,,not_applicable,0,0.8201851851851851,0.704,0.16083905127395431,0.06140351242069343,0.4885976396614767,0.0005424444921109443,0.9506954215185514
pidd,EBRO-MH,7,155921,4,153,53,0.16587316752430464,3.4918092360003357,20.0,1.9,hybrid,0,0.8187735849056603,0.6410256410256411,0.16454891665732632,0.07948043992590308,0.5002454976515212,0.2366940598688363,1.2466032609478108
pidd,LR,7,155921,4,153,53,0.2865064667536173,0.01869395700032328,,,not_applicable,0,0.8550943396226416,0.6929133858267716,0.15524188871470115,0.09106312593065999,0.46936713062010027,0.24908952997344225,1.330379068211171
pidd,Random Forest,7,155921,4,153,53,0.30849555179786237,1.6354996159998336,,,not_applicable,0,0.8354716981132075,0.6666666666666666,0.1568876770517911,0.06947638869802664,0.4674521124318674,0.06288572668867286,1.143304618297591
pidd,XGBoost,7,155921,4,153,53,0.13251092271548326,0.36342735100060963,,,not_applicable,0,0.8149056603773585,0.6035502958579881,0.1650496972424613,0.04549590363944776,0.49724465469422136,0.019859631475986256,1.1181143005249654
pidd,RuleFit,7,155921,4,153,53,0.36367233634866714,1.4687028180005655,30.0,2.7,not_applicable,0,0.8470754716981131,0.6666666666666666,0.15353030323929165,0.10577434278157345,0.47204559469106383,0.07209325138515119,1.4597685053727456
pidd,BRL,7,155921,4,153,53,0.36179815217141253,2.0376683589993263,4.0,1.25,not_applicable,0,0.7955660377358491,0.6619718309859155,0.1765289219410733,0.11323254380091376,0.5294338642399447,0.37909429260590577,1.710428006260312
pidd,EBM,7,155921,4,153,53,0.30729012107944653,10.945806646000165,,,not_applicable,0,0.8513207547169812,0.688,0.15209776414947268,0.07696730786928377,0.4601152882827502,0.17330852660535376,1.218508636712919
pidd,EBRO-MH,7,155921,5,153,53,0.4328669283447594,1.8946419640005843,20.0,1.85,hybrid,0,0.8249056603773585,0.6095238095238096,0.16145560513076063,0.08359631889830815,0.4895299292530056,-0.08721040034303423,0.8987795153155048
pidd,LR,7,155921,5,153,53,0.4820623572866906,0.03907674299989594,,,not_applicable,0,0.8200000000000001,0.6796116504854369,0.1546766678272203,0.08820560572901966,0.5014689530639512,-0.22090753099056237,0.7998508887653316
pidd,Random Forest,7,155921,5,153,53,0.5667628573187727,1.8509524700002657,,,not_applicable,0,0.8947169811320755,0.6875,0.12702862507748763,0.06727949870768275,0.3921693631383913,-0.008989118769805652,1.1727374419968504
pidd,XGBoost,7,155921,5,153,53,0.5222667548986836,0.3316401850006514,,,not_applicable,0,0.8432075471698114,0.66,0.1530080724968967,0.05422936542087115,0.46367802706226185,-0.1465490568878729,0.9289451327856669
pidd,RuleFit,7,155921,5,153,53,0.4586009048682887,4.699368284999764,30.0,3.1666666666666665,not_applicable,0,0.8550943396226416,0.6868686868686869,0.14602617141751803,0.07032144544515938,0.4507289509741408,0.15162631222549844,0.9610159834620159
pidd,BRL,7,155921,5,153,53,0.5160809856471008,2.0972713979999753,5.0,1.6,not_applicable,0,0.8082075471698114,0.6545454545454545,0.16819702074084733,0.0728973211495351,0.4997419848311366,-0.030908162696930943,1.1152337739088782
pidd,EBM,7,155921,5,153,53,0.3724009050817002,11.766551321999941,,,not_applicable,0,0.8481132075471698,0.7288135593220338,0.14804060855521733,0.0878116784160954,0.4627547467864098,-0.08782766727213243,0.8140135063898742
pidd,EBRO-MH,8,196613,1,154,54,0.3736926762402185,1.8919100200000685,20.0,1.85,hybrid,0,0.6967592592592593,0.5964912280701754,0.19946398016734188,0.1273514264279692,0.5906141504751856,-0.10779163291376673,0.8563204798671942
pidd,LR,8,196613,1,154,54,0.6768081573893395,0.026631521000126668,,,not_applicable,0,0.8135185185185186,0.4634146341463415,0.17942893480514666,0.12748312409896528,0.5374193258083858,-0.16424787246797298,0.7190489468876909
pidd,Random Forest,8,196613,1,154,54,0.8041682978461651,1.7728123420001793,,,not_applicable,0,0.8237037037037037,0.3611111111111111,0.1654195219776778,0.11523156648493514,0.492934119989005,-0.11651389335330624,0.7214196335708257
pidd,XGBoost,8,196613,1,154,54,0.7514130788901282,0.3327268390003155,,,not_applicable,0,0.8142592592592592,0.3380281690140845,0.1748930191438894,0.08615990661060108,0.5106115448485142,0.07444502700806004,0.8491949221103429
pidd,RuleFit,8,196613,1,154,54,0.3973672641128484,1.5745268990003751,27.0,2.6666666666666665,not_applicable,0,0.8158333333333334,0.6545454545454545,0.17957681784880328,0.12438967313656143,0.5303110369288428,-0.03958849359606846,0.6930225161729773
pidd,BRL,8,196613,1,154,54,0.565124327770759,1.9624006670001108,4.0,1.25,not_applicable,0,0.7433333333333334,0.5384615384615384,0.19195661795829871,0.06597115366678531,0.5632892481922268,0.10287521805598979,1.2312102877581288
pidd,EBM,8,196613,1,154,54,0.7988654589429576,11.767895588000101,,,not_applicable,0,0.8296296296296296,0.3333333333333333,0.164075807320601,0.11760965936539201,0.48929944442620266,-0.08260010099197748,0.7532446479137658
pidd,EBRO-MH,8,196613,2,154,54,0.38922247937228827,1.8517237669993847,20.0,2.0,hybrid,0,0.721851851851852,0.5263157894736842,0.1963112927512091,0.049327079250038514,0.5767777948763562,0.3160269780464502,1.116751444240624
pidd,LR,8,196613,2,154,54,0.27206883001705773,0.01779370799977187,,,not_applicable,0,0.8005555555555556,0.6016260162601627,0.17159892911605643,0.08929779970338558,0.5104078231295434,0.6293965334487933,1.402141987624946
pidd,Random Forest,8,196613,2,154,54,0.2716157183496317,1.7797250670000722,,,not_applicable,0,0.8294444444444444,0.6865671641791045,0.15929899280348542,0.07642174951629634,0.48312202299001167,0.3892991812434183,1.2503053770651626
pidd,XGBoost,8,196613,2,154,54,0.40267405632766434,0.5476675670006443,,,not_applicable,0,0.7864814814814814,0.6111111111111112,0.17460881166348183,0.06821376174493239,0.5253084735245166,0.19784061075611054,0.9812558572092208
pidd,RuleFit,8,196613,2,154,54,0.28351401319927266,3.5079038650001166,29.0,3.6551724137931036,not_applicable,0,0.8149074074074074,0.6495726495726496,0.1657412903183865,0.08384763168365064,0.506360813216723,0.39213118645813133,1.0102244814968966
pidd,BRL,8,196613,2,154,54,0.36432032547180737,1.8385845570001038,5.0,1.6,not_applicable,0,0.7846296296296295,0.5987261146496815,0.1863577099098317,0.11731762235479262,0.5491758088495651,0.38854025253656344,1.4219363023241827
pidd,EBM,8,196613,2,154,54,0.3068385347493614,12.821609708999858,,,not_applicable,0,0.8103703703703703,0.6260869565217392,0.16632164140222253,0.11058990846372407,0.49614537150914806,0.5036575021665449,1.250684776122923
pidd,EBRO-MH,8,196613,3,154,54,0.4144191889208308,1.7518120510003428,20.0,1.9,hybrid,0,0.7346296296296296,0.5742574257425742,0.19699607737088712,0.0933997830673967,0.5781147417369764,-0.014754994984784733,0.8653616778667207
pidd,LR,8,196613,3,154,54,0.23618774602926634,0.014096732000325574,,,not_applicable,0,0.8264814814814815,0.6461538461538462,0.15775426531726386,0.0894478866037807,0.49543458257879425,-0.2670930146499074,0.7305489098631359
pidd,Random Forest,8,196613,3,154,54,0.2732162039675722,1.5809247060005873,,,not_applicable,0,0.8164814814814815,0.6917293233082706,0.1697333794567083,0.08228688367728351,0.5567370860744796,-0.23982678080595324,0.560505032397515
pidd,XGBoost,8,196613,3,154,54,0.409083487009861,0.34071998099989287,,,not_applicable,0,0.8081481481481481,0.6896551724137931,0.17015825483151692,0.09847698994575525,0.5444934615331367,-0.263240719661835,0.6347890208016165
pidd,RuleFit,8,196613,3,154,54,0.23917498853625685,1.7084631309999168,29.0,2.8275862068965516,not_applicable,0,0.8155555555555556,0.6811594202898551,0.16646867759842687,0.06700814654845734,0.5341912461126442,-0.38765042986518994,0.662424907151062
pidd,BRL,8,196613,3,154,54,0.5505807063496071,2.114973977999398,5.0,1.4,not_applicable,0,0.8042592592592592,0.6857142857142857,0.179115505696848,0.13183492337302874,0.538234405559622,0.040450647000971764,1.4753940730846393
pidd,EBM,8,196613,3,154,54,0.22268215088399196,11.119913427000029,,,not_applicable,0,0.8494444444444444,0.7022900763358778,0.15094661014464544,0.11478456212577415,0.5208975158753648,-0.17867544911388702,0.5859587638597675
pidd,EBRO-MH,8,196613,4,153,53,0.24442934949705403,1.9562353709998206,20.0,1.9,hybrid,0,0.7745283018867926,0.6330935251798561,0.1763638197642694,0.07972548334209588,0.5297720786826844,-0.07487961837669845,1.0278204344112187
pidd,LR,8,196613,4,153,53,0.2895022482780938,0.04159043100025883,,,not_applicable,0,0.8247169811320755,0.6507936507936508,0.16122345412228073,0.0696157066341611,0.5093444564699361,-0.32319068320466265,0.740801155560623
pidd,Random Forest,8,196613,4,153,53,0.382885798521809,1.5885988190002536,,,not_applicable,0,0.8239622641509434,0.6896551724137931,0.1630554167315602,0.07676492991222694,0.49926577006176703,-0.1908381098260465,0.7244725572131618
pidd,XGBoost,8,196613,4,153,53,0.3115022211489696,0.2708428969999659,,,not_applicable,0,0.7766037735849057,0.6141732283464567,0.18153597586637255,0.11511055731808556,0.5460823291232736,-0.23432915264222526,0.6897635929918801
pidd,RuleFit,8,196613,4,153,53,0.4617703995649215,1.4502586919998066,29.0,2.7586206896551726,not_applicable,0,0.8122641509433962,0.6666666666666666,0.16860741625097214,0.07824102808896101,0.513418358343952,-0.166118494743263,0.755304152950247
pidd,BRL,8,196613,4,153,53,0.6934202287702185,1.9705642199996873,4.0,1.5,not_applicable,0,0.735188679245283,0.5806451612903226,0.1938525325622844,0.07546993958140069,0.5821170316360118,-0.0974498087138687,0.6229888069136816
pidd,EBM,8,196613,4,153,53,0.43229896824551944,14.501616761999685,,,not_applicable,0,0.8239622641509433,0.6415094339622641,0.15578092498105767,0.07343686701490014,0.4852718495740128,-0.13246773217772395,0.8351751274994375
pidd,EBRO-MH,8,196613,5,153,53,0.49882354117185207,1.8567078120004226,20.0,1.8,hybrid,0,0.8528301886792453,0.5714285714285714,0.1519376351188666,0.11411342030463649,0.46719790231233366,0.46762739493451844,1.6003820891478273
pidd,LR,8,196613,5,153,53,0.5168514650443267,0.026914734999991197,,,not_applicable,0,0.860943396226415,0.631578947368421,0.14615634352010523,0.04941454150876716,0.4476117444635955,-0.007941316954091424,1.3458555498804694
pidd,Random Forest,8,196613,5,153,53,0.4059589852668771,1.550889289999759,,,not_applicable,0,0.8635849056603774,0.7027027027027027,0.1470386718782881,0.10129723256894432,0.44360077370176143,0.16532308609998098,1.3763856028736232
pidd,XGBoost,8,196613,5,153,53,0.3061698741047181,0.4207451399997808,,,not_applicable,0,0.8469811320754717,0.6814814814814815,0.1583234431797154,0.09575892561567294,0.47867230427821994,0.32027047602491976,1.6586735398669052
pidd,RuleFit,8,196613,5,153,53,0.28328736656782755,1.5435044410005503,30.0,3.0,not_applicable,0,0.8636792452830189,0.703125,0.1453894750323883,0.0866968562248723,0.4471689653188455,0.002829561551659009,1.3150571980660268
pidd,BRL,8,196613,5,153,53,0.34673154978508314,1.8759869089999484,4.0,1.25,not_applicable,0,0.8301886792452831,0.6363636363636364,0.16892502128073447,0.11286359485682176,0.5141461057576591,0.5827942046538069,2.1412348947923525
pidd,EBM,8,196613,5,153,53,0.3145328073942938,15.311051958999997,,,not_applicable,0,0.8801886792452831,0.732824427480916,0.13795008110672038,0.11282183119122188,0.4218317979357434,0.025461681449804895,1.5231333363230812
pidd,EBRO-MH,9,262147,1,154,54,0.4244582314615316,1.590577107000172,20.0,1.75,hybrid,0,0.6351851851851852,0.5242718446601942,0.2157022156361315,0.07433432123830509,0.623795178166248,-0.20524718217273294,0.7312811170116964
pidd,LR,9,262147,1,154,54,0.29780071269736,0.014554679999491782,,,not_applicable,0,0.7916666666666667,0.6356589147286822,0.17111426540219177,0.07714248048955973,0.5158237225125502,0.058885865734419084,1.0266139076656775
pidd,Random Forest,9,262147,1,154,54,0.33321557115104394,1.6151280289996066,,,not_applicable,0,0.8148148148148148,0.65625,0.16256830252879637,0.040961064923023385,0.48805895864190857,0.014604968906633129,1.0607743044817943
pidd,XGBoost,9,262147,1,154,54,0.43458354007691097,0.3496890110000095,,,not_applicable,0,0.82,0.6336633663366337,0.16596310912566561,0.05075713826976845,0.49972171407701005,0.1832465431389427,1.154402486702819
pidd,RuleFit,9,262147,1,154,54,0.38696661809554883,1.5866528990000006,29.0,2.6206896551724137,not_applicable,0,0.8004629629629629,0.6324786324786325,0.17196433960923935,0.061530613428400265,0.511549185622941,-0.01858062903176368,0.9769604528261425
pidd,BRL,9,262147,1,154,54,0.6487979269649501,1.9056580169999506,4.0,1.25,not_applicable,0,0.7662037037037037,0.6226415094339622,0.18188468539997996,0.04660631331493426,0.5398558857632881,-0.1439773780511155,0.9815819445628986
pidd,EBM,9,262147,1,154,54,0.3430326274697061,12.2924177900004,,,not_applicable,0,0.823888888888889,0.65,0.16461222618584856,0.051102383522278805,0.4946797417322433,0.10430012922518214,1.0123195913092633
pidd,EBRO-MH,9,262147,2,154,54,0.40492808080764525,1.8999180780001552,20.0,1.85,hybrid,0,0.8130555555555555,0.6857142857142857,0.16488841674087792,0.11549591379589662,0.49528649181874473,-0.027857095578676116,1.0517574463107977
pidd,LR,9,262147,2,154,54,0.3477221222275562,0.03186722800001007,,,not_applicable,0,0.8881481481481481,0.768,0.13560448933645303,0.0944431626941861,0.4314250894609986,0.13566374079439095,1.564829759605188
pidd,Random Forest,9,262147,2,154,54,0.43110336412248695,1.7114792889997261,,,not_applicable,0,0.8677777777777778,0.7207207207207207,0.14229799390007497,0.05609592980753062,0.4376839832837548,-0.20158806455834666,0.8262674383315857
pidd,XGBoost,9,262147,2,154,54,0.24429028051677412,0.300147134999861,,,not_applicable,0,0.8066666666666666,0.6716417910447762,0.17101902603192093,0.0751604632677406,0.5101832092485368,-0.07781949944269026,0.826320700135695
pidd,RuleFit,9,262147,2,154,54,0.43814968368409524,2.4669180679993588,29.0,2.5517241379310347,not_applicable,0,0.8694444444444445,0.7207207207207207,0.14129421515627794,0.08253695718263897,0.4420812457508261,-0.1352315269239194,0.8699951039931725
pidd,BRL,9,262147,2,154,54,0.503083588459592,2.7551381190005486,4.0,1.5,not_applicable,0,0.7722222222222221,0.6666666666666666,0.17771984816199018,0.05342864615315092,0.5333983950004904,-0.32462986335056,0.914674094094893
pidd,EBM,9,262147,2,154,54,0.4491905986750838,13.779906536999988,,,not_applicable,0,0.8350000000000001,0.6788990825688074,0.157152122394828,0.07401350028491778,0.47595212467315867,-0.12499080559197807,0.7719710961522123
pidd,EBRO-MH,9,262147,3,154,54,0.4556845457867949,2.055407046000255,20.0,1.75,hybrid,0,0.7546296296296298,0.5454545454545454,0.19304315180792256,0.08731709247900989,0.5752959871350359,-0.005109820971420433,0.6694852092788659
pidd,LR,9,262147,3,154,54,0.49263508909339715,0.055287632999352354,,,not_applicable,0,0.7718518518518519,0.5274725274725275,0.1874079399449684,0.11074916052185929,0.5525941520785195,0.036106878560892175,0.7451718414213009
pidd,Random Forest,9,262147,3,154,54,0.1452490387538866,2.3921609260005425,,,not_applicable,0,0.7759259259259259,0.6808510638297872,0.18952471722967137,0.12933962783090092,0.5806141146238847,-0.09925332449870569,0.5335927637741905
pidd,XGBoost,9,262147,3,154,54,0.5462863243528764,0.38472963599997456,,,not_applicable,0,0.7416666666666667,0.4752475247524752,0.20727262109386813,0.11574055960739649,0.60219496661266,-0.1647281843790142,0.5417817862093385
pidd,RuleFit,9,262147,3,154,54,0.2677089685169409,2.8551614990001326,28.0,2.4642857142857144,not_applicable,0,0.7852777777777777,0.6615384615384615,0.18145273743022156,0.0862526284917553,0.5416072824009415,-0.06160079656947327,0.7252670669589477
pidd,BRL,9,262147,3,154,54,0.42303739381611166,2.4203353749999224,4.0,1.25,not_applicable,0,0.7324999999999999,0.5054945054945055,0.19132380367582238,0.045162758089926563,0.5665202114907683,0.060715983864824165,0.8139600185412534
pidd,EBM,9,262147,3,154,54,0.22545313992255656,27.75819098000011,,,not_applicable,0,0.7844444444444445,0.6615384615384615,0.18662497669554032,0.13904166140447904,0.5766755451285795,-0.055004906889536846,0.5436377336027471
pidd,EBRO-MH,9,262147,4,153,53,0.4092260703178881,1.9138457050003126,20.0,1.8,hybrid,0,0.8099056603773587,0.6226415094339622,0.16860890704559192,0.07581189392985144,0.5114971219242673,0.28342451899489635,1.5004167668204444
pidd,LR,9,262147,4,153,53,0.2852311769842157,0.02771982099966408,,,not_applicable,0,0.830377358490566,0.6474820143884892,0.15674783618902802,0.06991881306734654,0.47864625832411684,-0.07991503824643335,1.1310361151166246
pidd,Random Forest,9,262147,4,153,53,0.3807129698150281,1.6391102819998196,,,not_applicable,0,0.851132075471698,0.6885245901639344,0.15568264418857913,0.07144405460970878,0.47318743568004906,0.2257471137178274,1.704436091632198
pidd,XGBoost,9,262147,4,153,53,0.3619170071327248,0.3892762980003681,,,not_applicable,0,0.8130188679245283,0.6612903225806451,0.17314636008876602,0.07490030877416433,0.5197032827996505,0.3182931172504276,1.7882857793570965
pidd,RuleFit,9,262147,4,153,53,0.3734637673399883,1.609101964000729,27.0,3.0,not_applicable,0,0.8362264150943397,0.6837606837606838,0.15773905845068517,0.0764113938252106,0.47647131327550957,0.03276740569493073,1.3090071033249795
pidd,BRL,9,262147,4,153,53,0.5334114589422262,2.069573951000166,4.0,1.0,not_applicable,0,0.7754716981132075,0.6194690265486725,0.18008037591089532,0.05563544931528593,0.535800500024276,-0.0046059947177783936,1.1241379727429517
pidd,EBM,9,262147,4,153,53,0.349379859111853,9.454431053000008,,,not_applicable,0,0.8579245283018868,0.6612903225806451,0.14943721519168054,0.06284655344509231,0.45715976861922264,0.22786613637633432,1.6094273404416801
pidd,EBRO-MH,9,262147,5,153,53,0.4675468133474158,1.9645564849997754,20.0,1.75,hybrid,0,0.8391509433962264,0.631578947368421,0.165622734048618,0.1227593567582428,0.5246698799803603,-0.1350329384733749,0.5982552790990192
pidd,LR,9,262147,5,153,53,0.33543139636280433,0.020974803999706637,,,not_applicable,0,0.8716981132075472,0.711864406779661,0.14384387651584662,0.09103480772603581,0.44799818501543476,-0.01178854254842647,0.9361323062771463
pidd,Random Forest,9,262147,5,153,53,0.3105832861024834,1.7171357549996173,,,not_applicable,0,0.8432075471698114,0.676923076923077,0.15498885657797734,0.046267875396291576,0.4621592375059783,-0.14174265880171938,0.8691480465672811
pidd,XGBoost,9,262147,5,153,53,0.24035409117462653,0.4295542470008513,,,not_applicable,0,0.8050943396226415,0.6524822695035462,0.16875611763921627,0.04410263389388506,0.4979270462899406,-0.027572855980657934,0.9331785805627439
pidd,RuleFit,9,262147,5,153,53,0.2391212437339862,2.7669757200001186,25.0,2.68,not_applicable,0,0.8391509433962264,0.6470588235294118,0.1561371486110667,0.08896862981700449,0.47170996429258294,-0.1457266833140422,0.9245944124068638
pidd,BRL,9,262147,5,153,53,0.6919256437505305,2.2793680000004315,5.0,1.0,not_applicable,0,0.7521698113207547,0.6,0.18471372149449264,0.07361390506731474,0.5542336888983269,-0.17449281205700068,0.8564109936580496
pidd,EBM,9,262147,5,153,53,0.3192509868756729,11.759039728999596,,,not_applicable,0,0.8447169811320754,0.688,0.1539762983737054,0.05922206374926148,0.4606976216586251,0.02205819085114247,1.0480375157087753
