variant,repeat,fold,training_time_seconds,rule_count,average_condition_length,auc,f1,brier,ece,log_loss,calibration_intercept,calibration_slope
Full EBRO-MH,0,1,3.1215796280002905,20,1.75,0.7516442739345405,0.38190954773869346,0.1190265577279203,0.024313718970893423,0.38448830804062467,0.07169335631647589,1.0672262584346413
Uniform prior,0,1,1.8287670869995054,20,1.7,0.7607469145536457,0.41321152494729446,0.11764847054903543,0.018545329489724368,0.3805645387648088,0.0865927687036069,1.0699930642712754
Without MH rejuvenation,0,1,3.3683964289994037,20,1.75,0.7516442739345405,0.38190954773869346,0.1190265577279203,0.024313718970893423,0.38448830804062467,0.07169335631647589,1.0672262584346413
Single best rule,0,1,3.1009488239997154,20,1.75,0.68500252504586,0.3874458874458874,0.12324491034297126,0.009839192373588422,0.39680621793433996,-0.16259717454461092,0.916938814024587
Full EBRO-MH,0,2,2.6323874480003724,20,1.7,0.732885917432246,0.3978494623655914,0.12040652078591962,0.015261684050129457,0.39058056088466253,0.213612568761988,1.148057173550101
Uniform prior,0,2,1.4456831099996634,20,1.75,0.7379671482303558,0.38452520515826494,0.11923157291560603,0.013888943202408776,0.38927414240175645,0.3406780238638701,1.2202595727566836
Without MH rejuvenation,0,2,5.623231324999324,20,1.7,0.732885917432246,0.3978494623655914,0.12040652078591962,0.015261684050129457,0.39058056088466253,0.213612568761988,1.148057173550101
Single best rule,0,2,4.066253642000447,20,1.7,0.6651724513219288,0.36216943074854324,0.12430539629719183,0.0009621608067132005,0.39611171408529106,0.049159933757409416,1.0388888408204715
Full EBRO-MH,0,3,4.190975046999483,20,1.8,0.7341160365800691,0.35902536051715567,0.12011848915781984,0.01548795092885863,0.3901690163126583,0.07896202647969003,1.0607058927823154
Uniform prior,0,3,1.7490648670000155,20,1.85,0.7208198664242373,0.3918722786647315,0.12152009293225385,0.02295041682490424,0.3961231299891725,0.12371421288250416,1.0792623319810786
Without MH rejuvenation,0,3,3.4777086089998193,20,1.8,0.7341160365800691,0.35902536051715567,0.12011848915781984,0.01548795092885863,0.3901690163126583,0.07896202647969003,1.0607058927823154
Single best rule,0,3,3.4426331289996597,20,1.8,0.5651813377346038,0.29714285714285715,0.13146662550375066,0.0004829838475912951,0.4304088392552639,0.11006639288515689,1.0644061960909736
Full EBRO-MH,0,4,3.426819933999468,20,1.75,0.7548151949486219,0.41289198606271776,0.11813934109268784,0.018160519790003014,0.3821731017754071,0.14257377885659792,1.1232027752848517
Uniform prior,0,4,1.658396860000721,20,1.95,0.7425538789653958,0.41739130434782606,0.1208058101733918,0.03193643788116064,0.39032769611340257,-0.005561104833071563,1.0103066797147127
Without MH rejuvenation,0,4,3.6028794200001357,20,1.75,0.7548151949486219,0.41289198606271776,0.11813934109268784,0.018160519790003014,0.3821731017754071,0.14257377885659792,1.1232027752848517
Single best rule,0,4,3.879706785000053,20,1.75,0.6440947213419124,0.3877349159248269,0.1241683398701462,0.014590151586837389,0.4075951381409954,0.3645739026905107,1.2204110501494976
Full EBRO-MH,0,5,3.588972542999727,20,1.65,0.6925582805147411,0.34895191122071517,0.12478873753256178,0.022659053220297008,0.4063203559332349,-0.109887555731282,0.9273157613628747
Uniform prior,0,5,1.7202526970004328,20,1.95,0.7219676326066775,0.38970076548364646,0.12103519753022308,0.02058177946946614,0.3945463811645816,-0.2133341004426545,0.8721639599161365
Without MH rejuvenation,0,5,3.0750894880002306,20,1.65,0.6925582805147411,0.34895191122071517,0.12478873753256178,0.022659053220297008,0.4063203559332349,-0.109887555731282,0.9273157613628747
Single best rule,0,5,3.1933740349995787,20,1.65,0.5722564342648612,0.28488372093023256,0.13061030007247254,0.011370053478964196,0.42835256823656437,0.6363939741660984,1.3847562853712685
Full EBRO-MH,1,1,3.2233159610004805,20,1.65,0.7639346601966942,0.4216290212183436,0.11745680503890785,0.022682881203233432,0.3783309958652011,0.15579309112753462,1.1184349387506398
Uniform prior,1,1,1.6790413050002826,20,1.8,0.76936201173298,0.42587601078167114,0.11558670748340616,0.0186390716471767,0.37480587071110644,-0.015048609213043362,1.0063194694265607
Without MH rejuvenation,1,1,3.1501948820005055,20,1.65,0.7639346601966942,0.4216290212183436,0.11745680503890785,0.022682881203233432,0.3783309958652011,0.15579309112753462,1.1184349387506398
Single best rule,1,1,3.167803202999494,20,1.65,0.5734369167692986,0.2967171717171717,0.1313040796667353,0.0003592699536914268,0.4302214492080601,0.5064333030885313,1.30415865572078
Full EBRO-MH,1,2,3.3893649219999133,20,1.95,0.7581188362992983,0.3965616045845272,0.11813448591851743,0.028014041126028486,0.382207580709288,-0.012092253007101223,0.9759052217384822
Uniform prior,1,2,1.7336223460006295,20,1.9,0.7662833527536398,0.41704918032786886,0.11688044797729799,0.023572680324250108,0.37813959405460684,-0.040301910848899905,0.9450171194739884
Without MH rejuvenation,1,2,3.294705111999974,20,1.95,0.7581188362992983,0.3965616045845272,0.11813448591851743,0.028014041126028486,0.382207580709288,-0.012092253007101223,0.9759052217384822
Single best rule,1,2,3.0074783669997487,20,1.95,0.6836696690759829,0.38748627881448955,0.12331704001075729,0.004519663022153988,0.3975837230669221,-0.08695440313721133,0.9389558125589865
Full EBRO-MH,1,3,3.0060127550004836,20,1.8,0.7887609844547686,0.4511691884456671,0.11443392983636352,0.03970250000208398,0.3680446042797692,0.028817159020374426,1.0145358225905463
Uniform prior,1,3,1.793661589000294,20,1.65,0.7678759177218033,0.4015151515151515,0.11738530795245779,0.03004422277899767,0.3773703464496212,0.07343423011908932,1.0447987641556975
Without MH rejuvenation,1,3,3.0485216369997943,20,1.8,0.7887609844547686,0.4511691884456671,0.11443392983636352,0.03970250000208398,0.3680446042797692,0.028817159020374426,1.0145358225905463
Single best rule,1,3,4.165753387999757,20,1.8,0.6847145714202983,0.4074844074844075,0.1224882554537023,0.004702575635059005,0.3983049166681662,0.012687324194397196,1.0348638148855134
Full EBRO-MH,1,4,3.1677035650000107,20,1.75,0.7634447325458561,0.42150170648464164,0.11648662018230001,0.020075759835521952,0.3767526900788259,0.17371593038143815,1.101056995477687
Uniform prior,1,4,1.6238097939994987,20,1.9,0.7341134079195877,0.3946711074104913,0.12023140837958572,0.01804724081105999,0.39187667072211435,0.10311381593176538,1.0277025957797825
Without MH rejuvenation,1,4,3.087402080999709,20,1.75,0.7634447325458561,0.42150170648464164,0.11648662018230001,0.020075759835521952,0.3767526900788259,0.17371593038143815,1.101056995477687
Single best rule,1,4,3.2573389010003666,20,1.75,0.5789397868049553,0.29327902240325865,0.12983673279073243,0.001141908522009396,0.42590052326141514,-0.01728445878917622,0.9848858897721109
Full EBRO-MH,1,5,5.425663985999563,20,1.75,0.7402605717212458,0.3567193675889328,0.1176183515583328,0.016828174301660954,0.3844680484543426,-0.20276523670785526,0.9193566527723384
Uniform prior,1,5,1.7378122330001133,20,1.9,0.7649142498159351,0.37556789500252397,0.11553058048468992,0.01627469844286537,0.37599807818031367,-0.070328608106613,1.0154420228821017
Without MH rejuvenation,1,5,3.0850461500003803,20,1.75,0.7402605717212458,0.3567193675889328,0.1176183515583328,0.016828174301660954,0.3844680484543426,-0.20276523670785526,0.9193566527723384
Single best rule,1,5,3.0716682570000557,20,1.75,0.574896363519959,0.2874493927125506,0.13013552745627888,0.00166418535231105,0.426864753021198,-0.0744074067924927,0.9578976758053971
Full EBRO-MH,2,1,3.2481749690005017,20,1.75,0.7245025260439019,0.3971631205673759,0.1203863528598798,0.009683972329519988,0.39217206053778153,-0.14927692661225714,0.9083677742823003
Uniform prior,2,1,4.51187039100023,20,1.8,0.7383882821903425,0.39231278992710406,0.11953276817011226,0.01250354601947506,0.3891676795864919,-0.18867649076219378,0.8849981277878356
Without MH rejuvenation,2,1,3.5827756489998137,20,1.75,0.7245025260439019,0.3971631205673759,0.1203863528598798,0.009683972329519988,0.39217206053778153,-0.14927692661225714,0.9083677742823003
Single best rule,2,1,3.060130513999866,20,1.75,0.5533258746339682,0.28627838104639686,0.13196622910773023,0.0007888127428171687,0.4325802162290148,-0.15725945246541936,0.9084916517799084
Full EBRO-MH,2,2,3.815532632999748,20,1.9,0.658625461669108,0.36502347417840375,0.1261539899550911,0.011026892540530029,0.41330929075385736,0.20870724326711457,1.122141205199276
Uniform prior,2,2,1.7474752699999954,20,1.65,0.7092031284166509,0.37583892617449666,0.12335489994889136,0.017322950315860834,0.4011509113569926,0.33016924430806127,1.2076280118335054
Without MH rejuvenation,2,2,2.9721463679998124,20,1.9,0.658625461669108,0.36502347417840375,0.1261539899550911,0.011026892540530029,0.41330929075385736,0.20870724326711457,1.122141205199276
Single best rule,2,2,4.104527189999317,20,1.9,0.5448409382054837,0.24761904761904763,0.13203968085135306,0.0050370133217339476,0.4330237065688273,0.40260333348894617,1.2433251624155013
Full EBRO-MH,2,3,7.674747303999538,20,1.8,0.7543660742724374,0.40153256704980844,0.11721541410447503,0.015287404070774158,0.38093071424427927,-0.13893866216544146,0.9080860535524479
Uniform prior,2,3,1.8116546680003012,20,1.85,0.7699682185937701,0.4169079328314997,0.11511149376334245,0.030815225727019207,0.3725215963288291,-0.14082937506044443,0.920319649790484
Without MH rejuvenation,2,3,9.611526296000193,20,1.8,0.7543660742724374,0.40153256704980844,0.11721541410447503,0.015287404070774158,0.38093071424427927,-0.13893866216544146,0.9080860535524479
Single best rule,2,3,4.466730044000542,20,1.8,0.5652682049146855,0.2891566265060241,0.13159009010432654,0.000175046201919965,0.43124033182635646,0.13645469967882057,1.0816064157089083
Full EBRO-MH,2,4,2.501438648999283,20,1.65,0.7669319600499376,0.40946745562130177,0.11581441833725514,0.02384393477148433,0.37418986937333476,0.09003656139056802,1.079643554572496
Uniform prior,2,4,1.4234380600000804,20,1.9,0.7219531275008804,0.3637484586929716,0.12026880711772185,0.007710446612314919,0.39336785230069043,-0.0291732377767487,0.9858940196142022
Without MH rejuvenation,2,4,2.7897969810001086,20,1.65,0.7669319600499376,0.40946745562130177,0.11581441833725514,0.02384393477148433,0.37418986937333476,0.09003656139056802,1.079643554572496
Single best rule,2,4,3.0009193229998345,20,1.65,0.6766011636095906,0.3988881167477415,0.12318346993534635,0.006134561315228087,0.401033189362109,-0.10820731508752787,0.9390603636583775
Full EBRO-MH,2,5,8.191182042000037,20,1.85,0.7580993509715419,0.4083898827884022,0.11375032674614094,0.01624740896232725,0.3737684436823013,0.1472504360079318,1.0897953367463702
Uniform prior,2,5,1.9757687010005611,20,2.0,0.7511278970197509,0.4106925880923451,0.11798761336369756,0.03957738826647553,0.38488098570712215,0.15976217768491746,1.1091805945489468
Without MH rejuvenation,2,5,6.919577794000361,20,1.85,0.7580993509715419,0.4083898827884022,0.11375032674614094,0.01624740896232725,0.3737684436823013,0.1472504360079318,1.0897953367463702
Single best rule,2,5,4.655021671999748,20,1.85,0.5766439786804956,0.30355515041020964,0.1311202068774081,0.0006429014211999096,0.42950059861269585,1.4508453705840005,1.870132190620552
Full EBRO-MH,3,1,3.2634901639994496,20,1.95,0.747509885604444,0.4227005870841487,0.11606642522977102,0.021652301348948216,0.3809390470080848,0.23330308838315367,1.1785252108563926
Uniform prior,3,1,1.769555195999601,20,1.9,0.7412731221343724,0.41022364217252394,0.117540530590338,0.02013752354560228,0.38611228613690984,0.5247909760915301,1.3622841778355894
Without MH rejuvenation,3,1,3.214572685999883,20,1.95,0.747509885604444,0.4227005870841487,0.11606642522977102,0.021652301348948216,0.3809390470080848,0.23330308838315367,1.1785252108563926
Single best rule,3,1,3.2428315819997806,20,1.95,0.6012967557651887,0.3232180663373324,0.13033952563925996,0.0004479330809750992,0.426809060207613,1.4571880459104007,1.889457379323828
Full EBRO-MH,3,2,3.2785758569998507,20,1.8,0.7635140869610364,0.4222520107238606,0.11502656860519336,0.017763891718564583,0.3748918672381961,0.2285004691147287,1.1159005631052243
Uniform prior,3,2,1.6067883920004533,20,1.8,0.7129853454068729,0.364656381486676,0.12184041585555835,0.014032477001909925,0.3978837739284415,0.01668892213822417,0.9731394759218623
Without MH rejuvenation,3,2,3.357376712000587,20,1.8,0.7635140869610364,0.4222520107238606,0.11502656860519336,0.017763891718564583,0.3748918672381961,0.2285004691147287,1.1159005631052243
Single best rule,3,2,3.2328431850000925,20,1.8,0.5484898590055804,0.288406390823433,0.132094479850654,0.00038454182689717786,0.43294372583899715,1.1243841145815863,1.6727295971542433
Full EBRO-MH,3,3,3.1062893660000555,20,1.55,0.7330212105690399,0.3821892393320965,0.12026366234309577,0.011553192222073953,0.389465934258919,0.14673475644204695,1.0932474288385454
Uniform prior,3,3,1.6740218959994309,20,1.75,0.7769350662836523,0.4222222222222222,0.11542514391203117,0.013998192856650242,0.3732254172610666,0.039360485266035417,1.0279424682162783
Without MH rejuvenation,3,3,2.996159328000431,20,1.55,0.7330212105690399,0.3821892393320965,0.12026366234309577,0.011553192222073953,0.389465934258919,0.14673475644204695,1.0932474288385454
Single best rule,3,3,3.0904562550003902,20,1.55,0.6638754344607096,0.36119803308001786,0.1244926203661001,0.00902653964612357,0.39708862252301613,0.265064101338713,1.1625407659636895
Full EBRO-MH,3,4,2.986716909000279,20,1.85,0.6817039597938475,0.3306122448979592,0.12428748035838787,0.012602907886303498,0.406812645366244,-0.23784820609227328,0.8841702095787967
Uniform prior,3,4,1.6140502690004723,20,1.85,0.7289450886712122,0.37620396600566575,0.11967263376755931,0.015774671166235002,0.3905035023774806,-0.12394347635791132,0.9546419950460496
Without MH rejuvenation,3,4,3.184504198000468,20,1.85,0.6817039597938475,0.3306122448979592,0.12428748035838787,0.012602907886303498,0.406812645366244,-0.23784820609227328,0.8841702095787967
Single best rule,3,4,4.033958607999921,20,1.85,0.552665538269471,0.2855740922473013,0.13195800263373736,0.0009055402338486451,0.4328939719642307,-0.5690814686920905,0.6585745533567158
Full EBRO-MH,3,5,2.732369368000036,20,1.9,0.7250512180287461,0.38698328935795956,0.11896261959827767,0.013132807331811531,0.38963356880899463,-0.014697690384375114,0.9838599817697125
Uniform prior,3,5,1.3682093850002275,20,1.85,0.7175055619578092,0.39849624060150374,0.11890914157257633,0.008243393192421573,0.3911124265215363,-0.0515959176624218,0.9798566610380691
Without MH rejuvenation,3,5,4.410850809999829,20,1.9,0.7250512180287461,0.38698328935795956,0.11896261959827767,0.013132807331811531,0.38963356880899463,-0.014697690384375114,0.9838599817697125
Single best rule,3,5,2.4933207229996697,20,1.9,0.5746252680943692,0.29484386347131447,0.13098309479925924,0.01193287705995619,0.42943724130690264,-0.35926910054967093,0.7746075546209923
Full EBRO-MH,4,1,3.1440300410004056,20,1.85,0.7258274265890323,0.39436619718309857,0.11927417512102723,0.012971444637071798,0.3903868455179178,0.016806994452072493,1.0089165756112253
Uniform prior,4,1,1.6825811730004716,20,1.85,0.7142296813651615,0.3819548872180451,0.1205997560306655,0.004904192213713899,0.39518200420181526,-0.036014285589974396,0.977484049043668
Without MH rejuvenation,4,1,3.127578820999588,20,1.85,0.7258274265890323,0.39436619718309857,0.11927417512102723,0.012971444637071798,0.3903868455179178,0.016806994452072493,1.0089165756112253
Single best rule,4,1,3.0667759259995364,20,1.85,0.5656776404693991,0.29992464204973623,0.13090595189970694,0.006902508079962297,0.42781557355430805,-0.4279501742878646,0.7308156478292388
Full EBRO-MH,4,2,2.445352329999878,20,1.85,0.756119892684086,0.42907058001397624,0.11626469513433822,0.019432576229008576,0.3799300275302952,0.38304780823112083,1.2432497901897686
Uniform prior,4,2,1.3752296850007042,20,1.8,0.7261861613592817,0.3690176322418136,0.11668963752164935,0.014931385930646171,0.3861634907566003,0.25394384946965126,1.134079766559505
Without MH rejuvenation,4,2,2.418558906999351,20,1.85,0.756119892684086,0.42907058001397624,0.11626469513433822,0.019432576229008576,0.3799300275302952,0.38304780823112083,1.2432497901897686
Single best rule,4,2,2.4649174969999876,20,1.85,0.5798918453684316,0.30645879732739423,0.13091439494701565,0.0010116629366965502,0.42815711135960305,0.5467589610995183,1.326865017023417
Full EBRO-MH,4,3,2.686405686999933,20,1.75,0.7338559342764912,0.37840616966580976,0.12012952114974643,0.027966798876756967,0.39109250238062554,0.19406129211277018,1.1478812862139882
Uniform prior,4,3,1.5710548429997289,20,1.8,0.723153797843098,0.37364620938628157,0.12027206327643157,0.027215356056672475,0.3940876519856074,-0.07000014830355966,0.9984740226573373
Without MH rejuvenation,4,3,3.039091687999644,20,1.75,0.7338559342764912,0.37840616966580976,0.12012952114974643,0.027966798876756967,0.39109250238062554,0.19406129211277018,1.1478812862139882
Single best rule,4,3,2.9240683789994364,20,1.75,0.5723164281813107,0.28428428428428426,0.13056567347568415,0.0008998590102498515,0.4280749433514157,-0.019467559903611792,0.9922838497981304
Full EBRO-MH,4,4,3.351173277000271,20,1.8,0.742950518582541,0.401920438957476,0.11893172840409712,0.022823920090847685,0.3875726505674559,0.43194507332097754,1.2738568169654723
Uniform prior,4,4,1.5901627330003976,20,1.85,0.7634342288485547,0.3943019943019943,0.11535703239053642,0.02198711121342643,0.3776542734133646,0.548340185703783,1.3570352691954992
Without MH rejuvenation,4,4,3.2891339400002835,20,1.8,0.742950518582541,0.401920438957476,0.11893172840409712,0.022823920090847685,0.3875726505674559,0.43194507332097754,1.2738568169654723
Single best rule,4,4,3.059190326999669,20,1.8,0.5958437369954224,0.31719298245614036,0.1298052396899008,0.005677135477314944,0.42514432574230976,0.18262604086255504,1.121936285438776
Full EBRO-MH,4,5,3.071334350000143,20,1.8,0.703145007042479,0.3661417322834646,0.12318620649353508,0.01260148839259649,0.4002637249436514,-0.07964488039661258,0.9755120199077667
Uniform prior,4,5,1.8232970999997633,20,1.9,0.70744301994302,0.37097717963721477,0.12314909454423098,0.0373194334620204,0.4019419997717327,-0.15142500483304303,0.9174095184942734
Without MH rejuvenation,4,5,2.992776684999626,20,1.8,0.703145007042479,0.3661417322834646,0.12318620649353508,0.01260148839259649,0.4002637249436514,-0.07964488039661258,0.9755120199077667
Single best rule,4,5,2.989132862000588,20,1.8,0.5795600051218028,0.3056179775280899,0.1307429558126371,0.001575445539395648,0.42793158754255056,0.6752656900895684,1.4202563714909926
Full EBRO-MH,5,1,3.0920302430004085,20,1.85,0.7286468947924173,0.40971168437025796,0.1202679371310421,0.020870066701669486,0.3920983917296703,-0.17998599444103655,0.8611675848522332
Uniform prior,5,1,1.6523867830001109,20,1.95,0.6924509113120059,0.36817472698907955,0.12123599519054142,0.024151703690088046,0.4007455972723483,-0.2635322401316529,0.7990179882588707
Without MH rejuvenation,5,1,3.299407720999625,20,1.85,0.7286468947924173,0.40971168437025796,0.1202679371310421,0.020870066701669486,0.3920983917296703,-0.17998599444103655,0.8611675848522332
Single best rule,5,1,4.748436359000152,20,1.85,0.5556837484854715,0.2800763844684914,0.13187982464729217,0.000520721391596507,0.4323647864925698,0.03364707470983321,1.0226930474238582
Full EBRO-MH,5,2,3.2955077010001332,20,1.85,0.7494615732544939,0.4074534161490683,0.12034561175666429,0.03155068275965805,0.3887316954156293,-0.04249670386749959,0.9873753463157043
Uniform prior,5,2,1.7964417539997157,20,1.8,0.7426664629781065,0.3910681955340978,0.11731185362903843,0.015325104740985827,0.38480651133220545,0.14893194188472847,1.0971856554881434
Without MH rejuvenation,5,2,3.4869676930002242,20,1.85,0.7494615732544939,0.4074534161490683,0.12034561175666429,0.03155068275965805,0.3887316954156293,-0.04249670386749959,0.9873753463157043
Single best rule,5,2,3.229400371000338,20,1.85,0.672308041005303,0.3942307692307692,0.12386213468703612,0.0018892148173430814,0.40318688397040253,-0.0348662443091061,0.9806401917290272
Full EBRO-MH,5,3,10.690036744999816,20,1.9,0.7196811075865002,0.37103448275862067,0.12226097157055332,0.024417598452743175,0.3977045604377411,-0.22002186347032138,0.8518817422642769
Uniform prior,5,3,3.6027031889998398,20,1.9,0.7252191399350393,0.3963963963963964,0.12120196177147707,0.02371307357294069,0.39454477675750876,-0.232509482430334,0.8360374704916812
Without MH rejuvenation,5,3,3.72790133000035,20,1.9,0.7196811075865002,0.37103448275862067,0.12226097157055332,0.024417598452743175,0.3977045604377411,-0.22002186347032138,0.8518817422642769
Single best rule,5,3,3.868819411000004,20,1.9,0.5748205993036646,0.296140350877193,0.131558184525585,0.019501279578734786,0.4310411693964724,-0.5435871067631021,0.6749853581144307
Full EBRO-MH,5,4,3.6631401070007996,20,1.8,0.6984898684336887,0.34700665188470065,0.12307059989321051,0.010413835511259111,0.4020233795995648,0.06700085686852464,1.063605456706048
Uniform prior,5,4,1.9086961399998472,20,1.75,0.7097168203207529,0.3533527696793003,0.1211052108393057,0.014701199513606412,0.39622500505001296,0.2917656012941596,1.196344640732372
Without MH rejuvenation,5,4,3.6154167300001063,20,1.8,0.6984898684336887,0.34700665188470065,0.12307059989321051,0.010413835511259111,0.4020233795995648,0.06700085686852464,1.063605456706048
Single best rule,5,4,7.658307566000076,20,1.8,0.578218532923589,0.3045078196872125,0.13075046546259342,0.0006554506566130158,0.42794685867804166,0.290860632253505,1.1733675863048068
Full EBRO-MH,5,5,4.425910081000438,20,1.7,0.7575086430423509,0.40714285714285714,0.11727579747187639,0.013860466999458762,0.37942356092099455,0.0012734583836862459,1.0047726371315366
Uniform prior,5,5,1.6057779189995927,20,1.8,0.7573060717372515,0.4098671726755218,0.11631821852663549,0.023716183106033212,0.38029332329609233,0.10180276565970896,1.0784103228545552
Without MH rejuvenation,5,5,3.199014365000039,20,1.7,0.7575086430423509,0.40714285714285714,0.11727579747187639,0.013860466999458762,0.37942356092099455,0.0012734583836862459,1.0047726371315366
Single best rule,5,5,3.091754349999974,20,1.7,0.6905590767950318,0.392719249862107,0.12258684249531619,0.015071671813981018,0.39560097673870803,-0.2643679161144232,0.8053033112793346
Full EBRO-MH,6,1,3.131669557999885,20,1.7,0.7345582966220277,0.3905044510385757,0.1198740688198044,0.016835773936838935,0.3910854425204799,0.37667400703730997,1.2695730803314105
Uniform prior,6,1,1.6224151710002843,20,1.85,0.7142691040179169,0.38258575197889183,0.12196609510200299,0.018315374598508093,0.39863413941968917,0.24229282968551225,1.1651029651785174
Without MH rejuvenation,6,1,3.080009643000267,20,1.7,0.7345582966220277,0.3905044510385757,0.1198740688198044,0.016835773936838935,0.3910854425204799,0.37667400703730997,1.2695730803314105
Single best rule,6,1,2.926994086999912,20,1.7,0.5636106958148114,0.26959247648902823,0.131258963754657,0.014250610137399668,0.4303936034210069,1.0777406376294567,1.6502575068905407
Full EBRO-MH,6,2,2.904517314000259,20,1.75,0.7421257896675981,0.40087783467446964,0.12008250992550773,0.024611568229190844,0.3878469282556878,-0.09681015974919747,0.9019545039640149
Uniform prior,6,2,1.5630096820004837,20,1.85,0.7554519140234581,0.4090909090909091,0.11748579642238643,0.017202501329434423,0.38162918914978944,-0.12988797465203636,0.8870697820185554
Without MH rejuvenation,6,2,2.9204474360003587,20,1.75,0.7421257896675981,0.40087783467446964,0.12008250992550773,0.024611568229190844,0.3878469282556878,-0.09681015974919747,0.9019545039640149
Single best rule,6,2,2.9117928209998354,20,1.75,0.69090410761945,0.4175665946724262,0.12153883378490732,0.004232560703650713,0.3953088313212289,0.09131432433556977,1.0373970499261358
Full EBRO-MH,6,3,2.878091518000474,20,1.85,0.7413135316101681,0.39775561097256856,0.120587349609837,0.016800591895812348,0.3882949635063563,-0.16910164646598017,0.8899808258440486
Uniform prior,6,3,1.734790286000134,20,1.7,0.7297986378826773,0.4026936026936027,0.12310917657774802,0.02357223971553845,0.39711024089724406,-0.19678886094335551,0.8553011044630726
Without MH rejuvenation,6,3,2.971752349999406,20,1.85,0.7413135316101681,0.39775561097256856,0.120587349609837,0.016800591895812348,0.3882949635063563,-0.16910164646598017,0.8899808258440486
Single best rule,6,3,2.933494043999417,20,1.85,0.5448644023288391,0.28832255610498286,0.13202601040335507,0.007364678207717073,0.4327014305218907,-0.48948875588451274,0.7008606504078825
Full EBRO-MH,6,4,3.0796861469998476,20,1.8,0.7743780810845418,0.4202626641651032,0.11442230639781491,0.02357133317491636,0.37281965541935425,0.27636226733819896,1.2274144132056113
Uniform prior,6,4,1.6223979630003669,20,1.75,0.7771150444956625,0.4320809248554913,0.11383309839126082,0.016026886701035664,0.37066330808528253,0.1877140527104899,1.1429388608104476
Without MH rejuvenation,6,4,2.9307399899998927,20,1.8,0.7743780810845418,0.4202626641651032,0.11442230639781491,0.02357133317491636,0.37281965541935425,0.27636226733819896,1.2274144132056113
Single best rule,6,4,2.9246820070002286,20,1.8,0.6938922500720255,0.3949533735600658,0.12200961805585027,0.0034652453824306605,0.3922079898122121,0.02571702008085042,1.03828546817379
Full EBRO-MH,6,5,4.0892447189999075,20,1.8,0.7429295111879382,0.37416020671834627,0.11906753379974096,0.022877865661133343,0.38575451943862643,-0.024683585637039727,1.0032985876909584
Uniform prior,6,5,17.557438097999693,20,1.85,0.7683704664041743,0.41153342070773263,0.11631247004167007,0.024800988528556177,0.3763232331989354,-0.08529218545751897,0.9828030429066676
Without MH rejuvenation,6,5,7.413612319000094,20,1.8,0.7429295111879382,0.37416020671834627,0.11906753379974096,0.022877865661133343,0.38575451943862643,-0.024683585637039727,1.0032985876909584
Single best rule,6,5,3.312829411999701,20,1.8,0.6887314334645795,0.4123856439127375,0.12170786691810842,0.0018636605658120516,0.3958550370136128,0.025891727419455994,1.0231524320498897
Full EBRO-MH,7,1,3.938709863999975,20,1.95,0.7127505833554567,0.39021249195106245,0.11880331023430983,0.006902244080598675,0.39197905112473125,-0.08413121823661367,0.9530118562166404
Uniform prior,7,1,2.0385060909993626,20,1.85,0.7545989768075037,0.3820580474934037,0.11845518537175992,0.020766765387082227,0.3825960105290453,-0.00029699664434915595,1.0051831760815353
Without MH rejuvenation,7,1,2.8485057799998685,20,1.95,0.7127505833554567,0.39021249195106245,0.11880331023430983,0.006902244080598675,0.39197905112473125,-0.08413121823661367,0.9530118562166404
Single best rule,7,1,2.5090139809999528,20,1.95,0.5769130965046578,0.30318091451292245,0.1311997029616391,0.010883634808796155,0.42967160320820347,-0.3801155458970105,0.7625758399766787
Full EBRO-MH,7,2,3.149878969999918,20,1.85,0.7280917477177395,0.3817733990147783,0.12260152384964326,0.029427675596781364,0.3962423960693323,-0.20307170062386884,0.8776628503947249
Uniform prior,7,2,1.6412441049997142,20,1.9,0.7319653250180475,0.3980309423347398,0.12120837579858745,0.022679278747149662,0.3924965405742318,-0.2702499965510427,0.8415203422021715
Without MH rejuvenation,7,2,3.850166799999897,20,1.85,0.7280917477177395,0.3817733990147783,0.12260152384964326,0.029427675596781364,0.3962423960693323,-0.20307170062386884,0.8776628503947249
Single best rule,7,2,3.264387455999895,20,1.85,0.548558254428978,0.2883031301482702,0.13230907659688312,2.887163969625406e-05,0.4338312915819715,3.1006418780300447,2.8574248197334464
Full EBRO-MH,7,3,3.280718916999831,20,1.9,0.7203296160171099,0.38974358974358975,0.12013900679976655,0.0240808544340175,0.39369926254641724,0.110971506982808,1.0510212114322635
Uniform prior,7,3,1.7111531880000257,20,1.85,0.7063574794139761,0.3789746917585983,0.1221660891268065,0.020445046669156787,0.40001075271085246,0.18485122965469358,1.1063253871859469
Without MH rejuvenation,7,3,2.958730428999843,20,1.9,0.7203296160171099,0.38974358974358975,0.12013900679976655,0.0240808544340175,0.39369926254641724,0.110971506982808,1.0510212114322635
Single best rule,7,3,2.905619490999925,20,1.9,0.5189580131978205,0.21805183199285075,0.13273124331771266,0.0003785560815814937,0.4354717522915753,-0.6064704383605707,0.6380665215961187
Full EBRO-MH,7,4,3.2988560149997284,20,1.8,0.7320161696917317,0.37361477572559365,0.12143640099177096,0.02574395102107616,0.39294438741937093,0.03473856971551723,1.0482273916506264
Uniform prior,7,4,2.166753800999686,20,1.95,0.7103185321233074,0.39077809798270896,0.12392042614140251,0.014865340156651918,0.4030918686937119,-0.0415156496356723,0.9945286551561946
Without MH rejuvenation,7,4,3.79651808699964,20,1.8,0.7320161696917317,0.37361477572559365,0.12143640099177096,0.02574395102107616,0.39294438741937093,0.03473856971551723,1.0482273916506264
Single best rule,7,4,4.319021461000375,20,1.8,0.5730847258234899,0.30342205323193916,0.13023756323313052,0.004186850270869945,0.42468232978094506,-0.16480014898850043,0.9059310866731045
Full EBRO-MH,7,5,3.9461274160003086,20,1.8,0.7139263020583246,0.38740157480314963,0.12141268071537414,0.01436940545239861,0.3962639274606644,-0.11339115733154187,0.8954410682578805
Uniform prior,7,5,2.0493737099995997,20,1.95,0.7285219397227825,0.4036850921273032,0.11995752645791408,0.014957069555350842,0.3913712370760546,0.1793199165266722,1.0908617712036248
Without MH rejuvenation,7,5,3.143618295000124,20,1.8,0.7139263020583246,0.38740157480314963,0.12141268071537414,0.01436940545239861,0.3962639274606644,-0.11339115733154187,0.8954410682578805
Single best rule,7,5,3.0679235930001596,20,1.8,0.5875878309164827,0.30867709815078237,0.13028227977198267,0.008089012802450987,0.4268728769841614,0.3336460894094514,1.2073337765690995
Full EBRO-MH,8,1,3.0639098910005487,20,1.85,0.718638531201782,0.3801749271137026,0.12264434468467585,0.028871633105550628,0.39784810575590557,0.015134323638149667,1.0279404501106881
Uniform prior,8,1,1.8640051640004458,20,1.9,0.7338322211820407,0.39215686274509803,0.1211780834481376,0.025266631192022587,0.39349615299990665,-0.08995707562181865,0.9549500149006723
Without MH rejuvenation,8,1,3.098924404000172,20,1.85,0.718638531201782,0.3801749271137026,0.12264434468467585,0.028871633105550628,0.39784810575590557,0.015134323638149667,1.0279404501106881
Single best rule,8,1,2.9204922740000256,20,1.85,0.5871425263632754,0.30847212165097754,0.13055225291130468,0.011696749204853614,0.42765078348025704,0.5102228406652,1.3200075260958846
Full EBRO-MH,8,2,2.864787337999587,20,1.8,0.7457906860410433,0.37342727730246605,0.11842768893863623,0.02192717368027447,0.38551238675374994,0.08057666819451599,1.041199436228371
Uniform prior,8,2,1.5708058789996358,20,1.85,0.7439969286960237,0.41046831955922863,0.11792982067480737,0.016376693369806336,0.3849883332913108,0.2999723584728081,1.1963199906375843
Without MH rejuvenation,8,2,2.8520436349999727,20,1.8,0.7457906860410433,0.37342727730246605,0.11842768893863623,0.02192717368027447,0.38551238675374994,0.08057666819451599,1.041199436228371
Single best rule,8,2,2.918614569000056,20,1.8,0.5838997173321991,0.3051337671728127,0.13068961151122496,0.00806782123754195,0.42811650808979435,-0.22575064566264827,0.8522332213710418
Full EBRO-MH,8,3,2.576435846000095,20,1.75,0.6636757397938552,0.3342036553524804,0.1246308570458232,0.014708149314090906,0.409471956697912,-0.17793786893192048,0.908515862509415
Uniform prior,8,3,3.156641658000808,20,1.7,0.7498225213648332,0.3994828700711054,0.11881850944776656,0.02013314985966086,0.3862006653438449,0.0689274798706048,1.0622837709519064
Without MH rejuvenation,8,3,2.7509987349994844,20,1.75,0.6636757397938552,0.3342036553524804,0.1246308570458232,0.014708149314090906,0.409471956697912,-0.17793786893192048,0.908515862509415
Single best rule,8,3,3.258008900999812,20,1.75,0.5348761743294502,0.27299703264094954,0.13261710562184928,0.0018721725410206225,0.43504189867149606,-0.6680698272461492,0.6035873549223608
Full EBRO-MH,8,4,4.529904232999797,20,1.8,0.7106646539581933,0.38794435857805254,0.12424040106379884,0.028808886660159006,0.4010687822977511,-0.1472809784142683,0.907638290504866
Uniform prior,8,4,2.996617397000591,20,1.85,0.704327923429047,0.36515912897822445,0.12590403744776674,0.03967561360689259,0.40728867635793664,-0.2564127875572183,0.8520344641059044
Without MH rejuvenation,8,4,4.410648496999784,20,1.8,0.7106646539581933,0.38794435857805254,0.12424040106379884,0.028808886660159006,0.4010687822977511,-0.1472809784142683,0.907638290504866
Single best rule,8,4,5.0358512889997655,20,1.8,0.5410924645475208,0.2861423220973783,0.13183718114333093,0.00022826124884031684,0.4321992955785877,0.7089853855229189,1.4272520177439907
Full EBRO-MH,8,5,3.920158170999457,20,1.8,0.7601010555715613,0.39882005899705014,0.11405208313139323,0.012607437762669328,0.3736673272934874,0.05700514594838549,1.042551577752929
Uniform prior,8,5,2.1321457450003436,20,1.8,0.7519902005505938,0.3903077930582842,0.11524741705672177,0.012575006155859656,0.3777365833388709,-0.09079449196287907,0.9464831508956946
Without MH rejuvenation,8,5,3.503070194000429,20,1.8,0.7601010555715613,0.39882005899705014,0.11405208313139323,0.012607437762669328,0.3736673272934874,0.05700514594838549,1.042551577752929
Single best rule,8,5,4.230808487000104,20,1.8,0.68772808028426,0.4106145251396648,0.12190472684055424,0.00541103500044683,0.39644715388197,0.0955648393130069,1.0605013434885355
Full EBRO-MH,9,1,2.6075893450006333,20,1.95,0.724947652705392,0.3890518084066471,0.12096764964308068,0.02157559148934709,0.3946088273881661,0.2203346365669008,1.1413366139026726
Uniform prior,9,1,1.613660211000024,20,2.0,0.7290970116631168,0.38181818181818183,0.12150994085557812,0.020701753335372948,0.3959554369671782,0.2529559362797139,1.158157725308351
Without MH rejuvenation,9,1,2.928161968000495,20,1.95,0.724947652705392,0.3890518084066471,0.12096764964308068,0.02157559148934709,0.3946088273881661,0.2203346365669008,1.1413366139026726
Single best rule,9,1,2.656465623999793,20,1.95,0.5397065956593163,0.2857142857142857,0.13207817441197164,0.0028588256221419098,0.4328621753294253,-0.2891919584965184,0.8209266530381776
Full EBRO-MH,9,2,3.079877447999934,20,1.8,0.7391862841715017,0.41605839416058393,0.11735734797776216,0.011987153444684803,0.38423908600523626,-0.02681589245016523,0.9874933120874457
Uniform prior,9,2,1.7303468270001758,20,1.85,0.7413674491702187,0.3780617678381257,0.11968862316006004,0.021265194986837505,0.38888147567872655,-0.03562826011961013,1.0019206177805855
Without MH rejuvenation,9,2,4.5350832859994625,20,1.8,0.7391862841715017,0.41605839416058393,0.11735734797776216,0.011987153444684803,0.38423908600523626,-0.02681589245016523,0.9874933120874457
Single best rule,9,2,3.655070298999817,20,1.8,0.5529715065664599,0.28527918781725886,0.13209276623509042,0.0006466989192412675,0.4330388997219869,-0.42922875321565407,0.7431073339423633
Full EBRO-MH,9,3,2.9276084220000484,20,1.6,0.7468710341887254,0.41496118560338746,0.11703209620323045,0.01434759799489956,0.38230923461329,0.16464547730124046,1.0948175886251317
Uniform prior,9,3,1.5702663820002272,20,1.85,0.7568712438681257,0.4217207334273625,0.11599842470156761,0.022404907716542265,0.3780449968061646,0.03323798530976506,1.0277637998460816
Without MH rejuvenation,9,3,2.9946304770001007,20,1.6,0.7468710341887254,0.41496118560338746,0.11703209620323045,0.01434759799489956,0.38230923461329,0.16464547730124046,1.0948175886251317
Single best rule,9,3,2.918749387999924,20,1.6,0.6902775656021943,0.4114441416893733,0.12203441725183084,0.006276329719052521,0.396197962975975,-0.11474083535578647,0.9508658887560294
Full EBRO-MH,9,4,2.50315172899991,20,1.8,0.7281603124299754,0.3702816057519473,0.11970349768760538,0.010434128770296954,0.3895160390686262,0.0595973439152859,1.0196419813865618
Uniform prior,9,4,1.440151710000464,20,1.8,0.7286844969429239,0.38596491228070173,0.12037414596814179,0.0334028436183934,0.39320740588415903,0.0670969318991163,1.0220148433269993
Without MH rejuvenation,9,4,2.743848218000494,20,1.8,0.7281603124299754,0.3702816057519473,0.11970349768760538,0.010434128770296954,0.3895160390686262,0.0595973439152859,1.0196419813865618
Single best rule,9,4,3.1812602400004835,20,1.8,0.5296424341368161,0.27942293090356873,0.13218304590857877,0.000636708117599416,0.43365168726420206,0.11444260295483824,1.0715154825326982
Full EBRO-MH,9,5,3.2063084450001043,20,1.85,0.7458815503057076,0.43070362473347545,0.11684207058202366,0.0132797056364567,0.38188479106873446,-0.04026466229029663,0.9688441777465422
Uniform prior,9,5,1.644591161999415,20,1.85,0.7429805291462594,0.3833902161547213,0.11963879376325176,0.017648963009022366,0.38845045915197346,-0.11352493054567782,0.9153218838803087
Without MH rejuvenation,9,5,3.023025387999951,20,1.85,0.7458815503057076,0.43070362473347545,0.11684207058202366,0.0132797056364567,0.38188479106873446,-0.04026466229029663,0.9688441777465422
Single best rule,9,5,4.334874102999493,20,1.85,0.557590271775665,0.28804902962206336,0.1317239334456894,0.0013435856252828338,0.4320045775252489,-0.42094096449635593,0.7406659967041689
