dataset,repeat,fold,iteration,validation_auc,validation_nll,ess_before_resampling,resampled,mh_proposals,mh_acceptances,acceptance_rate,unique_rule_count
nhanes_dm,0,1,1,0.748759558694764,0.446289839315912,18.789607072712823,0,0,0,,20
nhanes_dm,0,1,2,0.7488485091076884,0.4460706399415428,18.81138972491186,0,0,0,,20
nhanes_dm,0,1,3,0.7513002048639197,0.4460409750235147,18.7266496884107,0,0,0,,20
nhanes_dm,0,1,4,0.7518005509366201,0.4460742140299669,18.696662460000663,0,0,0,,20
nhanes_dm,0,1,5,0.7516170907099633,0.4463216135263443,18.699433535264237,0,0,0,,20
nhanes_dm,0,1,6,0.7526344610577872,0.4446746860136553,18.736851860145343,0,0,0,,20
nhanes_dm,0,1,7,0.75281514158404,0.444415929251808,18.74815137903722,0,0,0,,20
nhanes_dm,0,1,8,0.7531014507256407,0.4441579552981755,18.75097666630055,0,0,0,,20
nhanes_dm,0,1,9,0.7527317505719234,0.4443147495482847,18.75687834165827,0,0,0,,20
nhanes_dm,0,2,1,0.7496990974312788,0.4884467622573845,18.822739223257805,0,0,0,,20
nhanes_dm,0,2,2,0.7503995819330592,0.4875851866900431,18.829705824438594,0,0,0,,20
nhanes_dm,0,2,3,0.751469766588557,0.4849745780378287,18.881620732096604,0,0,0,,20
nhanes_dm,0,2,4,0.7519423156572185,0.4838394744636737,18.90892007746362,0,0,0,,20
nhanes_dm,0,2,5,0.7519423156572186,0.4835503542412147,18.891977451106563,0,0,0,,20
nhanes_dm,0,2,6,0.7522758797056852,0.4827695640159974,18.913712773242157,0,0,0,,20
nhanes_dm,0,3,1,0.7378019797026276,0.4734278228632635,19.093022664399573,0,0,0,,20
nhanes_dm,0,3,2,0.7375017720590076,0.4735787908857731,19.062275727865718,0,0,0,,20
nhanes_dm,0,3,3,0.7377575044961655,0.4728395310518295,19.114628981247886,0,0,0,,20
nhanes_dm,0,3,4,0.7384218528926952,0.4717054408991308,19.148401033964525,0,0,0,,20
nhanes_dm,0,4,1,0.7241590002216803,0.5034317427489473,18.97899327556281,0,0,0,,20
nhanes_dm,0,4,2,0.7254946242518289,0.5014101231044422,18.978118607828307,0,0,0,,20
nhanes_dm,0,4,3,0.7251565617379738,0.5021499815852722,18.939564414062207,0,0,0,,20
nhanes_dm,0,4,4,0.7256691975171802,0.5011199016416218,18.950265252353752,0,0,0,,20
nhanes_dm,0,4,5,0.7260654511194857,0.5007688643539107,18.90339146278121,0,0,0,,20
nhanes_dm,0,5,1,0.6772389714032365,0.5122092646076714,18.869793257802133,0,0,0,,20
nhanes_dm,0,5,2,0.6766736865440035,0.5119537459934016,18.8764853231606,0,0,0,,20
nhanes_dm,0,5,3,0.6759947905120816,0.5120481576425185,18.883279732783382,0,0,0,,20
nhanes_dm,0,5,4,0.6765711593881623,0.5115925657909337,18.863129409617077,0,0,0,,20
nhanes_dm,1,1,1,0.7601188043952622,0.5385606166924203,18.90987650304925,0,0,0,,20
nhanes_dm,1,1,2,0.7598630719581043,0.5387100900485079,18.94754845359375,0,0,0,,20
nhanes_dm,1,1,3,0.7615420110020541,0.538570887931178,19.02361147138998,0,0,0,,20
nhanes_dm,1,1,4,0.761956186362234,0.5382470558374081,19.049442831841645,0,0,0,,20
nhanes_dm,1,1,5,0.7619311690585988,0.5376987558354495,19.089407905848265,0,0,0,,20
nhanes_dm,1,1,6,0.7623397850179707,0.5384442452927776,19.125042155279164,0,0,0,,20
nhanes_dm,1,2,1,0.7436852156074618,0.4301491600587389,19.526983778164112,0,0,0,,20
nhanes_dm,1,2,2,0.7452251696312172,0.4289879765817014,19.47958954016618,0,0,0,,20
nhanes_dm,1,2,3,0.7484329438973067,0.4276386548344379,19.39750283912538,0,0,0,,20
nhanes_dm,1,2,4,0.752154962738116,0.4254983601601433,19.35128481326659,0,0,0,,20
nhanes_dm,1,2,5,0.7531890112883634,0.4255755575116726,19.3202270543738,0,0,0,,20
nhanes_dm,1,2,6,0.7538283423812582,0.426217396416269,19.28987286628484,0,0,0,,20
nhanes_dm,1,2,7,0.7541702455309367,0.4256847143831033,19.27995207222016,0,0,0,,20
nhanes_dm,1,2,8,0.7546594728020215,0.4244094708259596,19.214531173763064,0,0,0,,20
nhanes_dm,1,2,9,0.7546205569963669,0.4230783474835232,19.14445190291748,0,0,0,,20
nhanes_dm,1,2,10,0.7540757357172043,0.4226927308642556,19.127081531812905,0,0,0,,20
nhanes_dm,1,2,11,0.7559353552874071,0.4226894270593841,18.996933056128213,0,0,0,,20
nhanes_dm,1,2,12,0.7559075582833682,0.4231893480111064,18.968854431801702,0,0,0,,20
nhanes_dm,1,2,13,0.7570722527525983,0.4215395060389734,18.853031624616747,0,0,0,,20
nhanes_dm,1,2,14,0.7562800381374895,0.4205316896891118,18.905075525868405,0,0,0,,20
nhanes_dm,1,2,15,0.7561966471253728,0.4204612371921633,18.933694850407637,0,0,0,,20
nhanes_dm,1,3,1,0.8034168077364622,0.4104057367501926,18.9267863415388,0,0,0,,20
nhanes_dm,1,3,2,0.8032027708053626,0.409633479335343,18.883852813491124,0,0,0,,20
nhanes_dm,1,3,3,0.8034612829429245,0.4093773376044826,18.890777943326786,0,0,0,,20
nhanes_dm,1,3,4,0.80337233253,0.4083635563294693,18.917919154760384,0,0,0,,20
nhanes_dm,1,4,1,0.7871300709377078,0.4354780453096123,19.045460563828343,0,0,0,,20
nhanes_dm,1,4,2,0.7872547661272445,0.4351595978676509,19.013474438850608,0,0,0,,20
nhanes_dm,1,4,3,0.7881498004876967,0.4340474289277015,19.05188077572488,0,0,0,,20
nhanes_dm,1,4,4,0.7880583573487032,0.4341016746254494,19.07129557497687,0,0,0,,20
nhanes_dm,1,4,5,0.7882883506982931,0.4334922403253158,19.12295521297966,0,0,0,,20
nhanes_dm,1,4,6,0.7885626801152736,0.4329204540448437,19.13790626344979,0,0,0,,20
nhanes_dm,1,5,1,0.7381234759476835,0.4543455086225846,19.069622978452397,0,0,0,,20
nhanes_dm,1,5,2,0.7381345599645311,0.4534700582833293,19.111817167357625,0,0,0,,20
nhanes_dm,1,5,3,0.7376440922190202,0.4535489185458585,19.16521558876995,0,0,0,,20
nhanes_dm,1,5,4,0.737951673686544,0.4524795134806491,19.15190484415947,0,0,0,,20
nhanes_dm,2,1,1,0.7362870429825074,0.4869828400804618,18.97408993468348,0,0,0,,20
nhanes_dm,2,1,2,0.7371042749012511,0.4856524246238918,19.062133049006743,0,0,0,,20
nhanes_dm,2,1,3,0.7381633407551335,0.4847479650576432,19.107659844685337,0,0,0,,20
nhanes_dm,2,1,4,0.7398645174023143,0.4835297913518573,19.14908502105107,0,0,0,,20
nhanes_dm,2,1,5,0.739797804592621,0.4833507936369097,19.146975858955773,0,0,0,,20
nhanes_dm,2,1,6,0.7408346328432722,0.4818436605565707,19.20175454170749,0,0,0,,20
nhanes_dm,2,1,7,0.7405650019040948,0.4815998614435459,19.198462493663108,0,0,0,,20
nhanes_dm,2,2,1,0.6610530617010099,0.4374326189567361,19.376840834341102,0,0,0,,20
nhanes_dm,2,2,2,0.6595409046812934,0.4376081499668294,19.39444462644877,0,0,0,,20
nhanes_dm,2,2,3,0.6585958065439705,0.4375210682549615,19.391178454515096,0,0,0,,20
nhanes_dm,2,2,4,0.6588793359851676,0.4374720516822533,19.356384824196454,0,0,0,,20
nhanes_dm,2,3,1,0.6784150704237097,0.4806484721994402,19.06206213623239,0,0,0,,20
nhanes_dm,2,3,2,0.6781343206829169,0.4798737617233032,19.09365239935024,0,0,0,,20
nhanes_dm,2,3,3,0.677975877759895,0.4799524663527557,19.081932755941757,0,0,0,,20
nhanes_dm,2,3,4,0.679474136277592,0.4790763307767596,19.165037035639315,0,0,0,,20
nhanes_dm,2,3,5,0.6799161086418106,0.4787651155582554,19.164632559448403,0,0,0,,20
nhanes_dm,2,3,6,0.680488726925012,0.478376899459743,19.190650722542625,0,0,0,,20
nhanes_dm,2,3,7,0.6809751744956928,0.4776515396952647,19.22700066368728,0,0,0,,20
nhanes_dm,2,3,8,0.682490111215813,0.476411806998559,19.274499018157208,0,0,0,,20
nhanes_dm,2,3,9,0.6826791308432778,0.4765394557885228,19.26572031099884,0,0,0,,20
nhanes_dm,2,3,10,0.6825318067218715,0.476194338758818,19.28843682987393,0,0,0,,20
nhanes_dm,2,3,11,0.682820895563876,0.4758970908780514,19.27240481803137,0,0,0,,20
nhanes_dm,2,4,1,0.7745885058745289,0.5062765645337378,18.86935833613514,0,0,0,,20
nhanes_dm,2,4,2,0.7748268122367545,0.5045806562120179,18.912983839348332,0,0,0,,20
nhanes_dm,2,4,3,0.7752175238306362,0.5046943547074829,18.898124576956636,0,0,0,,20
nhanes_dm,2,4,4,0.775333906007537,0.5034980111494287,18.935562496182392,0,0,0,,20
nhanes_dm,2,5,1,0.7490273775216139,0.4557686005077621,19.2555072475752,0,0,0,,20
nhanes_dm,2,5,2,0.751734648636666,0.454350476675606,19.27727692322719,0,0,0,,20
nhanes_dm,2,5,3,0.7517097095987585,0.4541418741381903,19.28731137775032,0,0,0,,20
nhanes_dm,2,5,4,0.7527211261361118,0.4527488468547403,19.29454940496254,0,0,0,,20
nhanes_dm,2,5,5,0.7529372644646418,0.452623913680329,19.30460665064651,0,0,0,,20
nhanes_dm,2,5,6,0.7535967634670804,0.4518259888067227,19.32951954810092,0,0,0,,20
nhanes_dm,2,5,7,0.7532337619153182,0.4526924952980902,19.306942081434613,0,0,0,,20
nhanes_dm,2,5,8,0.7535441143870538,0.4517141120475918,19.322880613243424,0,0,0,,20
nhanes_dm,3,1,1,0.7181675658997473,0.4156477707663012,19.657800977641987,0,0,0,,20
nhanes_dm,3,1,2,0.7181286500940929,0.4147431792926029,19.64269504708052,0,0,0,,20
nhanes_dm,3,1,3,0.7207304496721343,0.4141226729135092,19.616102375364736,0,0,0,,20
nhanes_dm,3,1,4,0.72257061133951,0.4130195243205357,19.6025589616041,0,0,0,,20
nhanes_dm,3,1,5,0.7231654672259424,0.4123339343537166,19.57186285762426,0,0,0,,20
nhanes_dm,3,1,6,0.7234573357683508,0.412366874859544,19.551336278761006,0,0,0,,20
nhanes_dm,3,1,7,0.7241800578733624,0.4120470254788883,19.535956134570142,0,0,0,,20
nhanes_dm,3,1,8,0.7247082009501017,0.4119868746224694,19.528244255315315,0,0,0,,20
nhanes_dm,3,1,9,0.7241272435656885,0.4126187412084625,19.546963126850645,0,0,0,,20
nhanes_dm,3,1,10,0.7251918688203787,0.4118459926440118,19.49378025398572,0,0,0,,20
nhanes_dm,3,1,11,0.7253975666502667,0.411652728505917,19.482272586219647,0,0,0,,20
nhanes_dm,3,1,12,0.726451073103341,0.4112065610635823,19.44063749322313,0,0,0,,20
nhanes_dm,3,1,13,0.7269486394756373,0.4106703982995187,19.41803572426059,0,0,0,,20
nhanes_dm,3,1,14,0.7275768517669167,0.4103502857431261,19.37006126865956,0,0,0,,20
nhanes_dm,3,1,15,0.7276213269733789,0.4102560359434084,19.331490522625053,0,0,0,,20
nhanes_dm,3,2,1,0.7559992883966966,0.4805576103931507,19.083970021900814,0,0,0,,20
nhanes_dm,3,2,2,0.7572028986715812,0.4776587480580457,19.14098972881857,0,0,0,,20
nhanes_dm,3,2,3,0.7580284696915366,0.4762597671634403,19.170606326228253,0,0,0,,20
nhanes_dm,3,2,4,0.758548273667064,0.4738589910836466,19.19962466129596,0,0,0,,20
nhanes_dm,3,2,5,0.7593071318773261,0.4730460009056402,19.18846751513716,0,0,0,,20
nhanes_dm,3,2,6,0.7594544559987325,0.4727398640317582,19.225473071590997,0,0,0,,20
nhanes_dm,3,2,7,0.7599075471645665,0.4726657851256118,19.255915283364505,0,0,0,,20
nhanes_dm,3,2,8,0.7605552173586732,0.4713110625939432,19.244245367704377,0,0,0,,20
nhanes_dm,3,2,9,0.7612473627592419,0.4705440920737362,19.23685325387849,0,0,0,,20
nhanes_dm,3,2,10,0.7620590352771779,0.4676498561828823,19.25153278037348,0,0,0,,20
nhanes_dm,3,2,11,0.7621229683864673,0.4661647251318935,19.2630442229546,0,0,0,,20
nhanes_dm,3,2,12,0.7620228991719273,0.4657274554646793,19.26859708289688,0,0,0,,20
nhanes_dm,3,3,1,0.736220330172814,0.5938764008104609,18.886073459714478,0,0,0,,20
nhanes_dm,3,3,2,0.7361091421566583,0.5946743305517604,18.854951490791905,0,0,0,,20
nhanes_dm,3,3,3,0.735736662302537,0.5964148968189438,18.79919679409008,0,0,0,,20
nhanes_dm,3,3,4,0.735764459306576,0.5962358308984003,18.793392828993237,0,0,0,,20
nhanes_dm,3,4,1,0.7017498891598315,0.4337418674783558,19.183848504486413,0,0,0,,20
nhanes_dm,3,4,2,0.7024204721791176,0.4332306672618591,19.204659911902404,0,0,0,,20
nhanes_dm,3,4,3,0.7009296719131013,0.4331836796417329,19.21739030625515,0,0,0,,20
nhanes_dm,3,4,4,0.7012954444690757,0.4327923297460772,19.22856705914186,0,0,0,,20
nhanes_dm,3,5,1,0.7698958102416316,0.4450812671801296,19.356363487370366,0,0,0,,20
nhanes_dm,3,5,2,0.7703003768565728,0.4434861103268254,19.362906655457337,0,0,0,,20
nhanes_dm,3,5,3,0.7704223010418976,0.4430888102404914,19.35607380457552,0,0,0,,20
nhanes_dm,3,5,4,0.7709321658168922,0.4421435464647119,19.3392384940382,0,0,0,,20
nhanes_dm,3,5,5,0.7717219020172912,0.4412150932586495,19.356945041691507,0,0,0,,20
nhanes_dm,3,5,6,0.7729134338284196,0.4394741936535496,19.34763399515601,0,0,0,,20
nhanes_dm,3,5,7,0.7739109953447131,0.4392920308626405,19.340688808227483,0,0,0,,20
nhanes_dm,3,5,8,0.774024606517402,0.4392868227062262,19.346190812667405,0,0,0,,20
nhanes_dm,3,5,9,0.7739913544668587,0.4387078729847882,19.324506634852103,0,0,0,,20
nhanes_dm,3,5,10,0.7752050543116825,0.4378909139682048,19.30750613729998,0,0,0,,20
nhanes_dm,3,5,11,0.7751219241853248,0.4368032483658828,19.27445953034722,0,0,0,,20
nhanes_dm,3,5,12,0.775980935491022,0.4347087417266013,19.268574922490235,0,0,0,,20
nhanes_dm,3,5,13,0.7765351363334073,0.4335435720501351,19.23023552866827,0,0,0,,20
nhanes_dm,3,5,14,0.7763938151185991,0.4326345471530965,19.211955938749764,0,0,0,,20
nhanes_dm,3,5,15,0.7772195743737531,0.4318648823837376,19.15633906246681,0,0,0,,20
nhanes_dm,4,1,1,0.7229833968494874,0.4885635230455438,19.249582122044888,0,0,0,,20
nhanes_dm,4,1,2,0.722488610177595,0.4876060509128189,19.277366504096424,0,0,0,,20
nhanes_dm,4,1,3,0.7233975722096673,0.4847867493646022,19.344889143154013,0,0,0,,20
nhanes_dm,4,1,4,0.7236143888411707,0.4844705388080297,19.3425186636505,0,0,0,,20
nhanes_dm,4,2,1,0.7769901959966754,0.4691972428716356,19.204378533333788,0,0,0,,20
nhanes_dm,4,2,2,0.7767872778671914,0.4693446650472294,19.210147067079756,0,0,0,,20
nhanes_dm,4,2,3,0.7770346712031377,0.4682185493405193,19.232363160670037,0,0,0,,20
nhanes_dm,4,2,4,0.7774488465633174,0.4648818937650961,19.2857522865752,0,0,0,,20
nhanes_dm,4,3,1,0.7337144302587068,0.4272480209643862,19.02028266643057,0,0,0,,20
nhanes_dm,4,3,2,0.7337505663639574,0.4268609329714974,19.033097086678254,0,0,0,,20
nhanes_dm,4,3,3,0.7337172099591106,0.426785037200541,19.022176410038742,0,0,0,,20
nhanes_dm,4,3,4,0.7336977520562834,0.4269825298643906,19.01463281664088,0,0,0,,20
nhanes_dm,4,4,1,0.7061197628020396,0.4672002344354143,19.05799146373996,0,0,0,,20
nhanes_dm,4,4,2,0.7056957991576147,0.4666580808898377,19.07083061623788,0,0,0,,20
nhanes_dm,4,4,3,0.7058398913766348,0.4664935505682885,19.085403223805766,0,0,0,,20
nhanes_dm,4,4,4,0.7072420195078696,0.4657358024728811,19.130403614218395,0,0,0,,20
nhanes_dm,4,4,5,0.708173076923077,0.4651599668912775,19.164394901507848,0,0,0,,20
nhanes_dm,4,4,6,0.7084141542895145,0.4650241294971028,19.19605962935634,0,0,0,,20
nhanes_dm,4,4,7,0.7089517291066284,0.4645390214163528,19.203484199429244,0,0,0,,20
nhanes_dm,4,4,8,0.7097331522943915,0.4643277647982079,19.226490386004983,0,0,0,,20
nhanes_dm,4,4,9,0.709187264464642,0.4646702132135868,19.233666081727574,0,0,0,,20
nhanes_dm,4,4,10,0.7096361671469742,0.4644499050949074,19.21549131024609,0,0,0,,20
nhanes_dm,4,4,11,0.7116673132343162,0.4639868722882968,19.22201581784151,0,0,0,,20
nhanes_dm,4,4,12,0.7122076590556418,0.4629813394750479,19.250488628015493,0,0,0,,20
nhanes_dm,4,4,13,0.7132135335845711,0.4630736301797185,19.21381658339331,0,0,0,,20
nhanes_dm,4,4,14,0.7143053092440701,0.4629106389914778,19.192736417405825,0,0,0,,20
nhanes_dm,4,4,15,0.7149232431833297,0.4628745448905533,19.19546148511185,0,0,0,,20
nhanes_dm,4,5,1,0.7474104965639548,0.4861082360828363,19.07518745464633,0,0,0,,20
nhanes_dm,4,5,2,0.7464822101529593,0.4860523421416689,19.126364714875173,0,0,0,,20
nhanes_dm,4,5,3,0.7469034027931722,0.4845131162897169,19.181851762965078,0,0,0,,20
nhanes_dm,4,5,4,0.7463879960097539,0.4849976397172792,19.164962151514636,0,0,0,,20
nhanes_dm,5,1,1,0.7222481660926585,0.4271947030054098,19.219230912538496,0,0,0,,20
nhanes_dm,5,1,2,0.7231765860275579,0.4267158070714388,19.229805698649677,0,0,0,,20
nhanes_dm,5,1,3,0.724113345063669,0.4263653554754423,19.255742696721224,0,0,0,,20
nhanes_dm,5,1,4,0.7238159171204528,0.4250618491618269,19.30260565666429,0,0,0,,20
nhanes_dm,5,1,5,0.7234767936711781,0.4243141783009153,19.32184191254829,0,0,0,,20
nhanes_dm,5,1,6,0.7241494811689195,0.4242604675371713,19.328461001384024,0,0,0,,20
nhanes_dm,5,2,1,0.7821298620434689,0.4117268651765288,19.13244334854448,0,0,0,,20
nhanes_dm,5,2,2,0.783144452690889,0.4115168582604829,19.069623391058474,0,0,0,,20
nhanes_dm,5,2,3,0.7833918460268352,0.4109732563420095,19.09696062597781,0,0,0,,20
nhanes_dm,5,2,4,0.7840534147229612,0.4107834128613687,19.04190265178076,0,0,0,,20
nhanes_dm,5,2,5,0.7852264482934028,0.4105554159161667,18.96859900735535,0,0,0,,20
nhanes_dm,5,2,6,0.7846010157025275,0.4106706505130953,18.979270024048013,0,0,0,,20
nhanes_dm,5,2,7,0.7849373594513983,0.4107528110022156,18.92101227582457,0,0,0,,20
nhanes_dm,5,2,8,0.7844342336782941,0.4107112200967548,18.937505771950704,0,0,0,,20
nhanes_dm,5,3,1,0.7227095963597043,0.4610766103885478,19.381828444388898,0,0,0,,20
nhanes_dm,5,3,2,0.7234823530719859,0.4616522401455883,19.35220140507677,0,0,0,,20
nhanes_dm,5,3,3,0.7228180046754561,0.4615438826399631,19.36007987815039,0,0,0,,20
nhanes_dm,5,3,4,0.7233155710477525,0.4614121777381171,19.36294134845929,0,0,0,,20
nhanes_dm,5,4,1,0.7253810130791398,0.4363276303368357,19.05707080204516,0,0,0,,20
nhanes_dm,5,4,2,0.7243945355796941,0.4364961891037276,19.04179070368772,0,0,0,,20
nhanes_dm,5,4,3,0.7247104300598536,0.4358992022866911,19.07226358669328,0,0,0,,20
nhanes_dm,5,4,4,0.7246633229882511,0.4356313873096218,19.084301448763277,0,0,0,,20
nhanes_dm,5,5,1,0.7245954333850586,0.4746347443236465,18.807561599404373,0,0,0,,20
nhanes_dm,5,5,2,0.7253103524717357,0.4754652914014118,18.743351784789976,0,0,0,,20
nhanes_dm,5,5,3,0.7261028596763468,0.4745719310690895,18.7666685446185,0,0,0,,20
nhanes_dm,5,5,4,0.7270837951673687,0.4737809111791795,18.75168184947544,0,0,0,,20
nhanes_dm,5,5,5,0.7297384172023942,0.4726904783165529,18.734541249926515,0,0,0,,20
nhanes_dm,5,5,6,0.7314481268011527,0.4729093239258471,18.68369326560231,0,0,0,,20
nhanes_dm,5,5,7,0.7314453557969409,0.4721740773269327,18.72625454478405,0,0,0,,20
nhanes_dm,5,5,8,0.7328031478607848,0.4721319570835965,18.698707706647983,0,0,0,,20
nhanes_dm,5,5,9,0.7324318332963866,0.471902192315411,18.72993142389389,0,0,0,,20
nhanes_dm,5,5,10,0.7327144757260031,0.4716888671767469,18.75712339889138,0,0,0,,20
nhanes_dm,5,5,11,0.7335069829306141,0.4718653555931297,18.712790814854305,0,0,0,,20
nhanes_dm,6,1,1,0.7372988539295235,0.5262908030429486,18.930231086206245,0,0,0,,20
nhanes_dm,6,1,2,0.7380521527389778,0.5277539439815617,18.87566964634212,0,0,0,,20
nhanes_dm,6,1,3,0.7382856475729045,0.5267580215612166,18.904029406565236,0,0,0,,20
nhanes_dm,6,1,4,0.7394336638397113,0.5237277729471221,18.9798808962545,0,0,0,,20
nhanes_dm,6,1,5,0.7398367203982754,0.5224344988213987,19.000014261747467,0,0,0,,20
nhanes_dm,6,1,6,0.7409958554666978,0.5208082063767504,19.05215920123118,0,0,0,,20
nhanes_dm,6,1,7,0.741448946632532,0.5193884919492285,19.044269143917145,0,0,0,,20
nhanes_dm,6,1,8,0.7416073895555537,0.5190982931900971,19.0588919718894,0,0,0,,20
nhanes_dm,6,1,9,0.7418547828914999,0.5185769327587662,19.06439187219821,0,0,0,,20
nhanes_dm,6,2,1,0.7409708381630626,0.4459877842634293,18.943121530515054,0,0,0,,20
nhanes_dm,6,2,2,0.7412905037095102,0.4441272834487224,18.96919875549143,0,0,0,,20
nhanes_dm,6,2,3,0.7415267782438407,0.443521241546117,19.03471495626065,0,0,0,,20
nhanes_dm,6,2,4,0.7414044714260697,0.4422716270641762,19.03691367352883,0,0,0,,20
nhanes_dm,6,3,1,0.7609777318200645,0.4928444590827432,19.21994031605877,0,0,0,,20
nhanes_dm,6,3,2,0.7598602922577005,0.492473639079853,19.255028843819662,0,0,0,,20
nhanes_dm,6,3,3,0.7604885045489796,0.4914256877889384,19.270481422738108,0,0,0,,20
nhanes_dm,6,3,4,0.7601160246948584,0.4907677337465532,19.30478321188992,0,0,0,,20
nhanes_dm,6,4,1,0.7619167036133895,0.4175860016009416,18.937787229586675,0,0,0,,20
nhanes_dm,6,4,2,0.7621356129461316,0.4166647100375885,18.957864333396,0,0,0,,20
nhanes_dm,6,4,3,0.7623240412325427,0.4162771301479341,18.97435681213151,0,0,0,,20
nhanes_dm,6,4,4,0.7621716360008868,0.4168488350985038,18.96409713580875,0,0,0,,20
nhanes_dm,6,5,1,0.7402737752161384,0.4695311584216366,18.919122109189303,0,0,0,,20
nhanes_dm,6,5,2,0.7397888494790512,0.4691738019565891,18.87251485192334,0,0,0,,20
nhanes_dm,6,5,3,0.7416537353136777,0.4683345606745575,18.841875621726224,0,0,0,,20
nhanes_dm,6,5,4,0.7432886277987142,0.4670125228781612,18.80468716907568,0,0,0,,20
nhanes_dm,6,5,5,0.7432193526934161,0.4672318516679504,18.818608852462493,0,0,0,,20
nhanes_dm,6,5,6,0.7418116825537575,0.4673744314948785,18.877934332973787,0,0,0,,20
nhanes_dm,6,5,7,0.7435518731988472,0.4669751801349103,18.810353065028902,0,0,0,,20
nhanes_dm,7,1,1,0.6849070607169959,0.4518655404151981,19.64918148880036,0,0,0,,20
nhanes_dm,7,1,2,0.6849181795186113,0.4513915054480885,19.665890010108612,0,0,0,,20
nhanes_dm,7,1,3,0.685946668668051,0.4500342805746603,19.674095294359056,0,0,0,,20
nhanes_dm,7,1,4,0.6861023318906688,0.4507173597504833,19.668382662165747,0,0,0,,20
nhanes_dm,7,1,5,0.6855019166034284,0.450836882321468,19.67295827835491,0,0,0,,20
nhanes_dm,7,1,6,0.685235065364655,0.4503825857446282,19.662740698996263,0,0,0,,20
nhanes_dm,7,2,1,0.7331793379309578,0.4229437055543235,19.30713494138712,0,0,0,,20
nhanes_dm,7,2,2,0.7356755088936515,0.4203355045410485,19.39347147648012,0,0,0,,20
nhanes_dm,7,2,3,0.7367957281564192,0.4196521455741787,19.414875464275305,0,0,0,,20
nhanes_dm,7,2,4,0.7359256819300015,0.4188049377299125,19.42989877299645,0,0,0,,20
nhanes_dm,7,2,5,0.7373210915327545,0.4182544968230582,19.456137103179834,0,0,0,,20
nhanes_dm,7,2,6,0.738805451548432,0.4160433785669643,19.514513091314587,0,0,0,,20
nhanes_dm,7,2,7,0.7400146212241244,0.4145543989306623,19.541740299342734,0,0,0,,20
nhanes_dm,7,2,8,0.7396282428679837,0.4143273921240963,19.555801976939687,0,0,0,,20
nhanes_dm,7,2,9,0.7397255323821198,0.4146852112132771,19.54992310167677,0,0,0,,20
nhanes_dm,7,2,10,0.7402425566572434,0.4139253589036694,19.556157254075632,0,0,0,,20
nhanes_dm,7,3,1,0.7136255354397903,0.42335754914983,19.45737188205157,0,0,0,,20
nhanes_dm,7,3,2,0.7138173347676587,0.4233593953741101,19.47952863804451,0,0,0,,20
nhanes_dm,7,3,3,0.713403159407479,0.4234019107336276,19.472739535058896,0,0,0,,20
nhanes_dm,7,3,4,0.7139285227838144,0.4232645358953337,19.467685737725347,0,0,0,,20
nhanes_dm,7,4,1,0.7025908889381512,0.4975455067064705,19.05121787287065,0,0,0,,20
nhanes_dm,7,4,2,0.7008146752383064,0.4978538009712178,19.08658888568702,0,0,0,,20
nhanes_dm,7,4,3,0.7020256040789182,0.4964402228468976,19.143887652063373,0,0,0,,20
nhanes_dm,7,4,4,0.7029178674351585,0.4952170596643364,19.16387915393694,0,0,0,,20
nhanes_dm,7,5,1,0.7174393150077589,0.4943597039512212,19.052169634057154,0,0,0,,20
nhanes_dm,7,5,2,0.7173672688982486,0.4936083991332454,19.088484217459357,0,0,0,,20
nhanes_dm,7,5,3,0.7178355686100644,0.491291805609083,19.10896285568437,0,0,0,,20
nhanes_dm,7,5,4,0.7176277432941699,0.4925422109859864,19.09803949161876,0,0,0,,20
nhanes_dm,8,1,1,0.7171738230053565,0.475934373649924,19.14260746147995,0,0,0,,20
nhanes_dm,8,1,2,0.7174267757421106,0.4758157625798607,19.14386791465461,0,0,0,,20
nhanes_dm,8,1,3,0.7178604090051174,0.4751860636658763,19.136018236028217,0,0,0,,20
nhanes_dm,8,1,4,0.7178576293047135,0.4744971967409477,19.13010759133524,0,0,0,,20
nhanes_dm,8,2,1,0.6964900723000075,0.4601920795079272,19.04897176912653,0,0,0,,20
nhanes_dm,8,2,2,0.6963427481786013,0.4600876936952513,19.076574465467264,0,0,0,,20
nhanes_dm,8,2,3,0.6963761045834481,0.4602010572833235,19.10972484127671,0,0,0,,20
nhanes_dm,8,2,4,0.6962704759681001,0.4601679860743726,19.1210264949904,0,0,0,,20
nhanes_dm,8,3,1,0.6969153664618027,0.4951675079541102,18.977543878130884,0,0,0,,20
nhanes_dm,8,3,2,0.697643647967622,0.495228351697053,18.97634011411436,0,0,0,,20
nhanes_dm,8,3,3,0.6971516409961334,0.4944393009208522,19.019530917120345,0,0,0,,20
nhanes_dm,8,3,4,0.6977409374817582,0.493533897604606,19.05446245452966,0,0,0,,20
nhanes_dm,8,4,1,0.7058468188871647,0.5142340018391668,19.094634474299543,0,0,0,,20
nhanes_dm,8,4,2,0.7053203280868987,0.51328733571634,19.13570235504673,0,0,0,,20
nhanes_dm,8,4,3,0.7052676790068719,0.513893843962872,19.124525415196384,0,0,0,,20
nhanes_dm,8,4,4,0.7053702061627134,0.5142919866762475,19.103820695627952,0,0,0,,20
nhanes_dm,8,5,1,0.772549046774551,0.4302850224988338,19.03104983902579,0,0,0,,20
nhanes_dm,8,5,2,0.7725407337619153,0.429921202989398,18.979896424996056,0,0,0,,20
nhanes_dm,8,5,3,0.7724770006650411,0.4299142168471395,18.989455331596712,0,0,0,,20
nhanes_dm,8,5,4,0.7727651851030815,0.4295390531734006,19.016961826564437,0,0,0,,20
nhanes_dm,9,1,1,0.6822343787786552,0.4652542978418348,19.6380770178508,0,0,0,,20
nhanes_dm,9,1,2,0.6841773893609747,0.4651706704234596,19.631130980404198,0,0,0,,20
nhanes_dm,9,1,3,0.685589477166151,0.4643110443978911,19.627815410627043,0,0,0,,20
nhanes_dm,9,1,4,0.6851892003079908,0.4637980280916844,19.635017838160127,0,0,0,,20
nhanes_dm,9,1,5,0.6846110226239815,0.463716389644792,19.630013320213397,0,0,0,,20
nhanes_dm,9,1,6,0.6847833640490227,0.4627951824250195,19.635835962288564,0,0,0,,20
nhanes_dm,9,2,1,0.7514322406331047,0.4155608855735134,19.08291642464823,0,0,0,,20
nhanes_dm,9,2,2,0.7516045820581457,0.4146423555593023,19.13137078791596,0,0,0,,20
nhanes_dm,9,2,3,0.7506761621232463,0.4127836289873876,19.20088988692148,0,0,0,,20
nhanes_dm,9,2,4,0.7517213294751092,0.4126549480531289,19.251264789176545,0,0,0,,20
nhanes_dm,9,3,1,0.7502842243662978,0.5168307068593304,18.841740536001627,0,0,0,,20
nhanes_dm,9,3,2,0.7502341897590278,0.5157292960404529,18.851138886460124,0,0,0,,20
nhanes_dm,9,3,3,0.7510291840745404,0.5136742519748336,18.888868789887987,0,0,0,,20
nhanes_dm,9,3,4,0.7517880422848026,0.5131062436358055,18.904578437975605,0,0,0,,20
nhanes_dm,9,3,5,0.7513488496209879,0.5135202275320883,18.900978363416453,0,0,0,,20
nhanes_dm,9,3,6,0.7516796339690508,0.5126185274082585,18.90134249496823,0,0,0,,20
nhanes_dm,9,3,7,0.7525524598958724,0.5124891089915622,18.89019796048631,0,0,0,,20
nhanes_dm,9,4,1,0.7404331079583242,0.5736695926822102,19.140926183769288,0,0,0,,20
nhanes_dm,9,4,2,0.7421539015739305,0.5674942513463934,19.29514603124825,0,0,0,,20
nhanes_dm,9,4,3,0.7435421746841056,0.5650000539099985,19.31438030577445,0,0,0,,20
nhanes_dm,9,4,4,0.7441019175349146,0.5641266325915888,19.30760395004237,0,0,0,,20
nhanes_dm,9,4,5,0.7440548104633119,0.5633836848633899,19.33552448584694,0,0,0,,20
nhanes_dm,9,4,6,0.7446533473730881,0.5632153968868457,19.327275426207688,0,0,0,,20
nhanes_dm,9,4,7,0.7451964641986255,0.5610751230442219,19.335520191022862,0,0,0,,20
nhanes_dm,9,4,8,0.7447808135668367,0.5610640322806558,19.289086607226835,0,0,0,,20
nhanes_dm,9,4,9,0.7455871757925072,0.5596912842932262,19.26602481920974,0,0,0,,20
nhanes_dm,9,5,1,0.7405411771225892,0.432696951480953,19.286492958987527,0,0,0,,20
nhanes_dm,9,5,2,0.7409263467080469,0.4323975525469768,19.29237855583195,0,0,0,,20
nhanes_dm,9,5,3,0.7417770450011083,0.4318469875904443,19.31177221604762,0,0,0,,20
nhanes_dm,9,5,4,0.7419627022833074,0.4315757443183213,19.317056458786404,0,0,0,,20
nhanes_dm,9,5,5,0.7422508867213478,0.431165341226488,19.33113293185189,0,0,0,,20
nhanes_dm,9,5,6,0.742885446685879,0.4312970839466795,19.31930702341945,0,0,0,,20
nhanes_dm,9,5,7,0.7427995455553091,0.4308157270210069,19.317045852624787,0,0,0,,20
nhanes_dm,9,5,8,0.7430627909554423,0.4303895689788785,19.351204118042688,0,0,0,,20
nhanes_dm,9,5,9,0.7435283196630459,0.4290549736112821,19.347192499821933,0,0,0,,20
